id,property_id,buyer_contact_id,seller_contact_id,deal_type,stage,token_amount,token_date,commission_percentage,commission_amount,expected_close_date,actual_close_date,notes,created_at
71c42da7-c006-4f59-a48e-f4544405ed96,66f730b4-a247-4464-af19-ba120f55c3fb,1049d32f-1e35-4a4a-adad-510f789cad9e,6d42ec1c-3c97-4aa4-af73-e035b02d71f7,sale,due_diligence,3220000,2026-07-14,2,955000,2026-09-10,,,2026-06-06 17:30:59
c3e82b11-8d9e-4fa7-9cee-f6e588936a7c,952c4656-2014-4434-a7d6-a6f2f38239ba,d9a1e3a7-0f75-4f15-8275-4a17b304822b,318a6cba-59ab-401f-9634-aecd6d2759bc,sale,offer_made,,,2,,2026-08-30,,,2026-06-22 20:56:27
46a099e7-6834-4aa0-864f-4237b03aae82,bd58db9f-9b40-4bea-80af-38ede35e3d84,9c54d181-8d47-40bb-96cd-680d0318ee4b,f85c3e37-f2ba-450f-a3f5-bbffb75fc6dd,sale,offer_made,,,2,,2026-09-08,,,2026-08-05 20:06:33
41116742-ec7c-4e90-8268-d1f746e0007f,1818f88d-ecdf-4c88-9ba0-b9603a88edaa,7f0903e3-8a57-462e-b106-ef843899406d,,sale,qualified,,,2,,2026-08-23,,,2026-08-14 08:36:03
77a8d44e-00c8-460d-b529-33be97255cd4,235bec7f-2a01-4578-914c-cd4e8db21f7f,c5f5bf34-3e74-4fe9-8273-a7dba629aa5c,470e4ca8-02fb-4192-b12b-098fda8b652d,sale,closed_won,4690000,2025-12-15,2,961000,2026-07-31,2026-06-21,,2026-06-21 15:46:50
a6ed8a28-740a-4946-b0fc-13395702d476,7683aeed-b572-49e5-83cd-28055d9b5169,f1a02003-1541-4fb4-a14a-e581c2d91726,05f05440-79a2-4d88-bc14-0af3f8f74ff9,sale,new_inquiry,,,2,,2026-09-15,,,2026-08-12 21:19:56
fc8c4896-956f-4931-b665-676e5856efad,e7b0c10a-2e15-473e-b094-bb865cc7622f,04ad64b0-06c0-4c63-9e57-72bc03ca7809,812c9b7a-64e9-47dc-b6d4-4a71dd2f3afd,sale,new_inquiry,,,2,,2026-08-05,,,2026-08-20 18:49:13
0e7ce016-8512-4b07-9bf3-82b1ab4109d9,daf5b7a7-2869-4695-a714-9ee7dade10ca,003712dc-82f7-47ff-9400-36a7c7b8e62d,235ec73d-af34-42ee-b835-6b12c7dbec8f,sale,new_inquiry,,,2,,2026-08-01,,,2026-08-18 20:31:42
819fc767-ed17-412a-a471-03bc835d1a72,36083715-b567-4b2c-8653-d32f42914d08,62d1ff54-c435-4073-9957-4e40a6d60606,dcfc8c19-72fc-49ec-a34e-03463526a96f,rent,token_bayana_received,150000,2026-07-18,2,28000,2026-09-07,,,2026-07-21 12:08:32
a49804fa-98d4-4d1d-b8cf-dc223e4f7ce3,942b41d3-651d-4d03-9df4-d8f265d203bc,0ea249c9-afc7-4568-b784-6b1b001976ef,,rent,site_visit_scheduled,,,2,,2026-09-05,,,2026-08-11 11:18:17
bf7453ef-3b71-4f30-84a5-d166dbf091ff,eb579be9-e57e-4089-a35a-38d879b9e590,5ed73f49-ca3e-477f-9674-9e3edaccbd5d,,rent,site_visit_scheduled,,,2,,2026-08-29,,,2026-07-29 16:33:20
ce03b856-1a54-4d69-bba0-7381b3afadbf,a684a8e4-f25b-4381-87ef-773d489ed3c7,c261c2c3-a28c-4aee-9b2e-f6ad218a5e2b,a3f8cd3e-4f75-4e46-8eec-3b1c8e72f22b,sale,new_inquiry,,,2,,2026-09-17,,,2026-08-20 20:49:38
39d141fa-19dc-40fc-9403-fd09c09a227a,4cfa1cef-983f-4774-991b-a6c517a2b6f4,891cd4a2-a721-41c1-b1d6-d77b8e8bc850,b796345d-0ef1-4531-9fe7-ac05b2460433,sale,commission_received,370000,2026-04-15,2,62000,2026-09-05,2026-02-12,,2026-02-12 12:34:13
ef154e13-0855-4d50-ad8b-fb907cf3d0b6,5e8c5e4a-3e9a-426a-82ad-8e9d8dd3f5ea,241d2bb5-2de9-4c68-bedc-191fdfad7b62,ca74bea4-e2a1-48dc-b377-c0ae07e7bf52,sale,new_inquiry,,,2,,2026-09-11,,,2026-08-08 20:36:15
11a75741-8c9e-4905-a5f1-d35ea50f6f77,e952fe16-bf63-4b9a-94e3-c86771d5c63b,0ed8001b-485f-437d-80e2-f976bd36e97a,,sale,qualified,,,2,,2026-08-22,,,2026-07-17 17:55:55
dbf1c030-e37a-4707-a743-3a3e2a19cfc0,a0e5df2f-5b47-4c9c-89ed-4c4379f70ecb,f7f7374c-f5b1-486c-a11c-96210b463651,7beccd23-d955-439d-abf6-199ed22a5731,sale,site_visit_scheduled,,,2,,2026-08-02,,,2026-07-18 17:06:57
9df39918-de10-4e25-ba74-ff518d0480b0,c63e13b5-721c-4825-8caa-039c6f514d10,f4ffd7d0-4451-49d9-940f-02856c87447d,d96cfa73-0a69-43c1-9e1d-34fef4c18945,sale,new_inquiry,,,2,,2026-09-19,,,2026-08-08 09:52:19
a803a1c4-3724-4f62-8d14-f3c5ece7ebcf,fea228c3-f6fe-408a-8daa-a2f39a239d40,2d02203d-ee84-4999-b253-4ad231654094,db2bdc0e-bade-440c-8562-50a933807ba1,sale,qualified,,,2,,2026-08-16,,,2026-08-01 09:09:19
51053dc0-16d4-451d-ad74-8d97f79c8024,84509371-a813-4b12-8d76-8f290894ff45,4791e4d3-1fcd-49d1-9cab-4e49b20dea1e,9c32700f-9b27-47be-9f25-880c6007d884,sale,new_inquiry,,,2,,2026-09-16,,,2026-08-11 15:28:21
5a003d66-6e79-4a24-b9c1-1c5bd965af6e,c0d22af2-2720-4269-aa80-e7bd9234e251,6313538d-a980-41c9-9ed5-fbc56da92cb1,41716455-62dd-4da6-a768-7fa3fe794897,sale,qualified,,,2,,2026-09-14,,,2026-07-31 13:03:20
ed83fc4f-9698-4c1c-b640-c4dbb1697b86,daf5b7a7-2869-4695-a714-9ee7dade10ca,594bd24d-1751-43bd-a3dc-4eb5b9047a39,a1a08647-7b8c-4d26-9a32-93ca0edd5c07,sale,new_inquiry,,,2,,2026-09-19,,,2026-08-03 10:38:41
abcb7276-676b-4574-a1f9-d9d8f180dce7,9b566557-564c-4ea8-8e2a-77ebb940c49d,23c64bca-a28c-400b-b4c5-30acf428fbbb,5eb7e938-ef56-486f-b048-6cc9e28a368b,sale,site_visit_scheduled,,,2,,2026-07-30,,,2026-08-12 16:31:44
828219c8-397d-4401-89d9-c5780e6da120,13c919a5-4907-4fe0-9a19-ad71b6624aff,caf0880e-2936-47b6-b275-79925c7035a0,609246b9-f467-4557-a10e-1b2c6d48ce84,sale,new_inquiry,,,2,,2026-07-29,,,2026-08-14 13:20:56
cc7e4ad1-a717-446e-a44d-6304ce24b4be,3dabbda0-e1aa-40f6-a199-0ef13f2a1236,77497d5e-735a-4450-96c6-f70f9d599e94,0cc0152d-93fb-49ad-9a3e-7cd889b4d239,sale,new_inquiry,,,2,,2026-08-31,,,2026-08-18 09:38:03
ed7b17bf-9685-42b3-b0de-8104f11867e2,92cb9c37-47af-4ecc-89f8-bd084b491dbc,bad8ff7f-815b-4422-88ca-493d8e4054cb,92955e3c-ae13-4311-862a-db1d1800b0e1,sale,qualified,,,2,,2026-07-30,,,2026-08-02 08:50:56
06bd942d-c50f-4c82-bf27-54f72fbf11ec,abb58fe0-304d-45ee-bf5e-b5f18ae3f990,1804d670-79eb-424b-979e-f46737851102,,sale,closed_won,610000,2026-02-16,2,113000,2026-09-01,2026-02-14,,2026-02-14 10:55:28
622b71c7-5c4f-4fa2-b892-9b0ddd5853e3,8f971335-06c8-4f95-94f7-5e5975f65c04,82bf1629-9333-4bdb-8deb-13b99bebbff2,d96cfa73-0a69-43c1-9e1d-34fef4c18945,sale,offer_made,,,2,,2026-09-08,,,2026-06-29 17:55:52
09e0cd5f-0df5-44dc-b716-a56b3ced0258,2e075505-e76d-4a5a-adca-edb8d05e4ef5,4f5ab506-15f5-411f-8c2d-35259b87801d,f19e02f1-30ae-4fc6-a5b9-3642ee8ca3ea,sale,site_visit_scheduled,,,2,,2026-08-16,,,2026-08-07 21:53:41
6f5b16b2-29d4-4c21-89d2-af7286518454,54f5d242-b94d-40b6-9509-f9ec739b4bfc,fa3eece3-8414-41ae-93d6-21fbed364973,809710a0-e147-45d4-9251-429113004867,sale,site_visit_done,,,2,,2026-08-02,,,2026-07-21 12:31:13
c2ebe7ec-4e1b-4099-babb-8ac14ebab4a8,545ee409-b150-4927-9856-ac69c9612ad9,741bee10-81c7-4b70-a8cd-00a57d114058,272090d8-a408-40f1-a9eb-aa2df0b38b7e,rent,new_inquiry,,,2,,2026-07-27,,,2026-08-15 10:55:02
dd364879-9ee3-4b51-9daa-4fdfc788081d,8ecaec01-1fb9-48e8-8fae-638ced15b191,afcd6556-164c-44e9-a11f-cb86f85cd2f9,6dbacfa7-55a2-43a6-8e29-ec85c7072d23,sale,site_visit_done,,,2,,2026-08-21,,,2026-08-15 16:02:20
7b6ea52e-e0f9-4ec6-939d-179f74494c07,3fbb7fd7-1f13-4d84-9901-73b1a5388c91,2276b017-2d4f-49c8-b4cb-68f9588d9498,e2ccf0cc-45e2-4dd8-a365-9adb43fe94b8,sale,site_visit_done,,,2,,2026-09-10,,,2026-07-10 13:45:14
091f740d-35d2-49dd-ac40-992b98ce7a98,f9d5ebb0-f692-4525-b950-e5aa2996a69c,b052c1ae-5524-4b8f-b6d5-7be009675a06,d1dddb4a-67da-4fe6-ab9a-f423d700091e,rent,sale_agreement,190000,2026-05-25,2,71000,2026-09-16,,,2026-05-16 19:45:53
66e6795a-e5de-4039-be2c-892e3b05e014,78b6e69f-9610-4abf-89ab-c645baef123e,cd73a89c-bea0-4ccd-8a23-cb232144bfbc,89edec42-3d15-4620-bee9-3bec3e2679a2,sale,site_visit_done,,,2,,2026-09-03,,,2026-08-04 16:27:09
d045e806-60ac-4e2a-b4b1-924217f4d351,505642a1-8888-4cde-b3ea-f736469f8941,17e98485-33b7-4a9a-8ee3-45ad7a898a02,5a96b9ce-c983-4c71-a74a-27018c449954,sale,qualified,,,2,,2026-08-31,,,2026-08-20 18:21:51
8ea01f27-e94c-447e-805a-42ad6244e45c,8c86818f-e5c4-492f-ae69-2fd675b0167d,d74f7e79-149e-4025-8dd6-0e75bf871556,d19ef300-021a-4bf8-9f9d-21683104a782,rent,site_visit_scheduled,,,2,,2026-07-29,,,2026-07-12 08:20:04
c4bdf152-7ec3-42d6-940d-6e69e07e4b35,c5bc5a32-4839-43c6-ab29-08b34b3ebc27,359ebf6a-9359-4213-8ec9-2250b17caff9,4dc68b90-abfb-4e3e-a343-19a4e020b95d,sale,site_visit_done,,,2,,2026-09-09,,,2026-08-01 14:56:16
ddc0b081-a71c-44aa-b516-3b5db422895e,c5abe73f-c83b-4d8c-8324-a47a1d7e3f69,4ff46ba8-4f52-40a8-a57e-ec2b39b98c67,56e31adb-5457-466a-8a12-40ef39695a0d,sale,site_visit_done,,,2,,2026-09-10,,,2026-07-19 21:05:40
f635f5c7-34c4-4a38-bc4e-4b818655151d,3256bc26-e559-41a3-959a-6c620ed2b127,46191a7b-3368-4961-94a0-c85d37c84a90,b412c290-6034-4f65-af8a-84dc8b2ccea2,sale,commission_received,5790000,2026-02-09,2,1039000,2026-08-17,2026-06-23,,2026-06-23 13:44:37
01767c89-fc44-4561-82fc-5d35f68346ff,38234119-6269-4ca2-b854-4395c49684df,eaac82c2-7b84-4b06-af3d-62f69472fed2,6d42ec1c-3c97-4aa4-af73-e035b02d71f7,sale,qualified,,,2,,2026-08-10,,,2026-08-07 11:04:22
e98e1e71-6f8d-4c31-bb1b-5dee42372462,e039909b-06ff-49b4-a0d6-ffcca1d574fb,e6ee0641-c661-44fa-81a4-4d3784e6a34e,cf6d928e-ced5-4277-930e-858ef2c8281e,rent,qualified,,,2,,2026-08-02,,,2026-07-30 18:42:02
9a4218d1-0b05-41e8-99fc-2789427064a8,1ec75161-7fa3-4f60-b8d9-6aa1ba35c9fc,8d299bba-5e86-4fa5-afab-d22bb1e31313,f58bf36e-969c-43a9-8a23-d73ec0cb7a84,sale,site_visit_done,,,2,,2026-09-16,,,2026-08-05 20:58:52
06db8853-5b27-4acb-83f9-4dd941f52a49,2e075505-e76d-4a5a-adca-edb8d05e4ef5,80b64184-28d1-410d-9a33-13236614a2dc,f19e02f1-30ae-4fc6-a5b9-3642ee8ca3ea,sale,new_inquiry,,,2,,2026-08-07,,,2026-08-20 09:02:06
3400ce71-38fe-4b69-8339-024ddfff552f,545ee409-b150-4927-9856-ac69c9612ad9,626c73de-daf8-4709-94cb-93b7cb58dc4a,272090d8-a408-40f1-a9eb-aa2df0b38b7e,rent,due_diligence,30000,2026-07-10,2,8000,2026-08-23,,,2026-07-31 20:01:34
be6bcd81-a6f1-4a26-ba33-0f24af73a711,6f4eaa9d-bae1-47cd-b822-2cac08bb6d96,f83cf0b6-a81b-46fe-842b-246e1e47532b,5f524cbd-d0b8-4708-822c-197b542f65e2,sale,new_inquiry,,,2,,2026-08-31,,,2026-08-19 17:39:12
8b936588-72a1-4037-af59-0d7762fceb77,3fbb7fd7-1f13-4d84-9901-73b1a5388c91,288c2bd0-d418-470c-a1b9-f0dd9c23ae56,e2ccf0cc-45e2-4dd8-a365-9adb43fe94b8,sale,qualified,,,2,,2026-09-19,,,2026-08-13 10:27:43
0d5ee384-19b1-4208-912b-2db0e08f51a6,762c51ad-5430-46e7-9668-dfc44e90a54c,c15159ee-1f12-4878-8934-fc104d5e297f,1354ce8e-8311-4925-9a0b-f62f248ae1b8,sale,new_inquiry,,,2,,2026-09-11,,,2026-08-10 20:16:30
ff06dc09-e749-4048-8398-2b2e108711ec,4fe47b74-0fcc-4399-98c6-9a48a29ab82c,613f6827-4baa-4fe1-b737-31d9ae21b0f4,809710a0-e147-45d4-9251-429113004867,sale,qualified,,,2,,2026-08-03,,,2026-07-20 16:52:07
8e4811a3-0511-4929-a9eb-bf40f63b04bf,7683aeed-b572-49e5-83cd-28055d9b5169,8cfea22d-7130-4202-a176-656e538fed98,05f05440-79a2-4d88-bc14-0af3f8f74ff9,sale,offer_made,,,2,,2026-08-25,,,2026-07-02 18:53:18
896d030e-e814-4c00-8a13-debf45ee7b47,530d6e1e-6f0b-49ba-8ecd-0dfdaa4527d0,c37bd959-b6a3-4c47-ab67-1b84f39d67eb,d1dddb4a-67da-4fe6-ab9a-f423d700091e,sale,due_diligence,2900000,2026-06-12,2,547000,2026-09-11,,,2026-07-02 18:26:06
9a6a4073-79fc-427e-97b9-6706f957ce3e,78b6e69f-9610-4abf-89ab-c645baef123e,e3398f47-7f8c-4a7f-a349-c65731d4abd7,89edec42-3d15-4620-bee9-3bec3e2679a2,sale,qualified,,,2,,2026-08-29,,,2026-08-20 11:18:34
94c6d8ac-8f7c-4040-9925-a430559342e6,82a3c489-9be0-4b75-b7ba-1962b0787980,e9b81b97-4e1e-4580-b7b5-587f77db23ce,f24dbc9b-d721-4863-a336-12f8ab186836,rent,site_visit_scheduled,,,2,,2026-09-08,,,2026-07-17 08:39:29
e4afe23d-7708-4593-bf51-00fb27f91b0c,692a73d8-8f21-4767-a5ec-9c4da547f86a,dd1b1811-a580-4287-9829-907cf74e1b62,6d7ad5cb-0dda-4f93-b488-e6feb110ee7a,rent,qualified,,,2,,2026-08-25,,,2026-07-28 12:07:21
ba7bdb17-074e-40f0-8926-a9037d4bc129,ab445440-12d8-48c8-92e1-c4b50a258c19,31881b8d-422b-4a69-9465-bddb9990a4e7,ae46bdc7-48bc-4fa0-9c04-cdef7ded4930,sale,new_inquiry,,,2,,2026-09-01,,,2026-08-18 12:50:10
c05457a5-84f0-4a8b-8895-4e88226d09c1,0ace3c17-b258-4e0c-a6e5-58bbf91cfa90,f3efcba3-a2ab-4b64-8b8c-16a339709580,698e9ac3-4525-4d70-b2b9-f38e8b9416bc,sale,new_inquiry,,,2,,2026-09-18,,,2026-08-16 18:05:39
cb232aa9-eecf-4783-9c3b-e9d817699e13,c5abe73f-c83b-4d8c-8324-a47a1d7e3f69,e21295ed-98e6-4a82-98d2-efe6533a2141,56e31adb-5457-466a-8a12-40ef39695a0d,sale,token_bayana_received,1590000,2026-07-07,2,455000,2026-08-27,,,2026-07-17 14:09:03
98ce448f-d2b9-40be-905c-54ad1f13fc5e,acf70e3c-ba48-4a77-90a0-02fa4c44388b,c2571945-f208-4573-8ac6-e67800f749cd,7f0ef67e-5624-4cba-8573-34cee14bd2f5,sale,transfer_registry,1450000,2026-07-14,2,355000,2026-08-04,,,2026-07-11 12:18:06
d5ce6eb0-cb3a-459d-8d99-ef13c868307d,7af443e2-8b0c-4a5e-a45c-57336d2d5a8c,1f039b30-29f4-47c5-b425-d6d95b3f619d,1c3a4419-1385-45f1-bf18-fb04a27ade78,sale,site_visit_scheduled,,,2,,2026-08-10,,,2026-08-07 09:28:07
9ddb3fc7-d28b-4919-b34e-a19155d6d04d,b3f05848-f761-467a-a3ba-20474de35a9f,6057a1cc-d6c5-455d-ac7a-3f6ffdee2623,41336307-6123-4e5e-a27c-4e040f425040,rent,qualified,,,2,,2026-08-03,,,2026-08-19 10:07:25
ce4f21c0-d097-4cc3-baaa-9ee0477f9d3a,66f730b4-a247-4464-af19-ba120f55c3fb,9fb0a09a-8f8e-4f91-b614-b5bd6c7e3258,6d42ec1c-3c97-4aa4-af73-e035b02d71f7,sale,site_visit_scheduled,,,2,,2026-09-16,,,2026-08-17 19:09:36
ea1d4338-e56c-40e1-b09a-acf915cce3b7,6457c441-4bae-49f8-b94a-1c81b221224e,bbf493df-5fc3-4310-bb93-9ae585d645ca,88cb2d74-dc6f-49ec-b5bd-8286c7b5a607,sale,new_inquiry,,,2,,2026-08-23,,,2026-08-17 12:55:36
d6bc8a68-c9a2-49ce-90ff-4e113412bd54,5be5d25f-ec5f-42d9-b4e8-2ebcd38e81bd,42b7d0e9-caec-46ab-b83a-eca499b9d836,574ecc76-46e0-41a7-9d34-81a625fb0aae,sale,new_inquiry,,,2,,2026-08-27,,,2026-08-12 11:20:44
379decaf-23a8-49e7-b655-d828d16aeedd,6e21f525-3f06-411d-9fce-1fbf2030eda4,eb2c29ef-c6e5-48cd-be7d-c4f8bd81399c,75ab8466-52cc-4cc8-8a11-01c182f49c40,sale,closed_won,610000,2026-05-23,2,180000,2026-09-11,2026-07-10,,2026-07-10 18:59:32
02d7c349-7d8f-4631-b08d-78b316d4a9cc,eb579be9-e57e-4089-a35a-38d879b9e590,3aa04c6e-0168-419f-b8c1-f42e320d0988,88cb2d74-dc6f-49ec-b5bd-8286c7b5a607,rent,closed_won,30000,2026-02-12,2,10000,2026-07-30,2026-04-18,,2026-04-18 19:37:17
343d5824-e1d0-4f00-b34f-37fdc4cc9032,13c919a5-4907-4fe0-9a19-ad71b6624aff,d34b26fb-dbab-46cf-ba79-8192a042c5f6,9125386e-6d0e-4cbc-8482-9df7e5b25601,sale,closed_won,2490000,2026-06-26,2,835000,2026-08-06,2026-01-03,,2026-01-03 15:39:40
b0359c6e-bb5d-4277-a72b-e6530f54770e,78b6e69f-9610-4abf-89ab-c645baef123e,ee5526dc-8a9c-450f-aae4-519d9103199f,89edec42-3d15-4620-bee9-3bec3e2679a2,sale,site_visit_scheduled,,,2,,2026-09-11,,,2026-08-11 21:43:25
7c9e3f3d-7ab7-44a0-a5c3-8fd73afcea62,3dabbda0-e1aa-40f6-a199-0ef13f2a1236,60f85e97-da4b-4276-b6da-1b8b697736b3,0cc0152d-93fb-49ad-9a3e-7cd889b4d239,sale,qualified,,,2,,2026-08-22,,,2026-08-19 16:30:13
a873cb36-971d-4dd3-945a-04ba5d599dfe,92e53658-9a8c-4df3-9e35-628bececd91f,b3888de4-d884-463a-b363-fcda87b12492,,sale,new_inquiry,,,2,,2026-09-05,,,2026-08-18 16:44:39
6f6e0800-26ad-46eb-aed1-98f716950edb,08f993c0-c7ba-47ad-839d-3bc2aa80814b,105a6da5-c2d6-4ddd-8426-e62f20d4775a,792c91ae-0f49-4c8d-8c5a-edadab0f5d5d,sale,qualified,,,2,,2026-09-13,,,2026-08-20 08:51:08
b42919c4-a9cd-4ba2-a616-2f929804701e,a684a8e4-f25b-4381-87ef-773d489ed3c7,feacb5c3-e13b-4802-88ae-431045b67cc3,a3f8cd3e-4f75-4e46-8eec-3b1c8e72f22b,sale,qualified,,,2,,2026-07-23,,,2026-08-08 11:07:20
4011f326-ac98-4a2a-8854-4ea2360d6eed,77856ab2-b0d9-4460-9a5a-9771a909e976,5a46bbdc-cfff-4344-b135-90b5706d7276,75ab8466-52cc-4cc8-8a11-01c182f49c40,sale,new_inquiry,,,2,,2026-09-11,,,2026-08-13 12:55:42
a31c082b-1bd8-48c7-b05d-80a5dff3e40d,9af3e54a-5066-420e-9fb2-b3756b6ac91b,bfdf68de-f925-409c-889c-e99098bbaf19,072594fd-9ae5-4aac-8c50-13a75e117fa2,rent,site_visit_scheduled,,,2,,2026-09-13,,,2026-08-17 16:42:22
b0249332-f647-47ae-9ae4-d2d6dbf88b57,c5bb21b1-4988-46a5-bd90-493fad2c2c81,a647480a-d6a0-42cb-85d6-ecdef9bc24cb,7b53062f-948d-4391-91f4-991edcc1d0d0,sale,new_inquiry,,,2,,2026-08-06,,,2026-08-07 17:51:35
52ab02c7-aa67-4852-9cd9-263e70f883e1,d712362a-b43b-431b-b25a-08c7b6b35c28,554d7f4e-f005-40c8-b099-c4ac7af62d03,f58bf36e-969c-43a9-8a23-d73ec0cb7a84,rent,qualified,,,2,,2026-09-13,,,2026-07-28 09:19:40
91eff054-72fc-4b86-833c-af11ba6737e0,b1f613f3-b5cc-4173-9d95-3a44ed5ca95e,4180f6d4-98ac-47ce-8b08-7e67b05acda8,736a435d-141a-4aa2-8661-c5f443e4ad45,sale,new_inquiry,,,2,,2026-08-27,,,2026-08-17 08:05:53
677e7b6d-80b7-439a-aa95-f4e89702ebd5,9c3f5169-bdda-4026-a9f1-7b626debb6b8,62e4a077-119f-40d2-9fb5-3935b1d6a4a9,470e4ca8-02fb-4192-b12b-098fda8b652d,sale,qualified,,,2,,2026-08-13,,,2026-08-20 18:24:41
f68ddc95-7068-4c57-8a3b-1e080aa04bc6,4e9d7239-94e5-41c5-b00f-2a300fa3e026,1bc99669-44d5-4040-a085-56028a71ba43,f0e3155d-10c9-4225-9b9a-e50c2e19092e,rent,closed_lost,30000,2026-02-10,2,6000,2026-09-12,2026-06-03,,2026-06-03 12:08:55
d4c0cba3-59d7-4577-8d65-6cd2b7dfba28,4a3a9759-c8e9-4f32-8864-0847f4cf254b,3a256a28-5bf8-4c03-8e76-799ab029d610,,sale,token_bayana_received,350000,2026-06-15,2,60000,2026-07-28,,,2026-08-05 08:20:28
53f4865f-7d5a-4b39-b0e6-3c2ff6e9c4bb,5e8c5e4a-3e9a-426a-82ad-8e9d8dd3f5ea,65756269-0eed-40c1-adce-edc85e5694f7,ca74bea4-e2a1-48dc-b377-c0ae07e7bf52,sale,site_visit_done,,,2,,2026-09-07,,,2026-08-10 15:19:42
382fd460-5e22-41f4-a6f7-2c85967e893c,7c68ac7d-cec8-40ac-9311-c4041305e637,4c49c3f7-807c-467e-a60e-968d16e840f8,116cef39-a0f7-40b0-a225-35f89bc2527d,sale,site_visit_done,,,2,,2026-09-17,,,2026-07-12 18:30:08
bbdae0b9-9133-4b9d-b5bd-979ba7ce9e52,eb096928-a282-40c9-9557-c42dd343513f,6285dc36-327b-4b34-8bf5-6f97679efc91,802ae8dc-6eaa-41f1-ba6c-8ad08ba303ce,sale,offer_made,,,2,,2026-09-14,,,2026-06-26 10:21:04
f2faff41-394c-4373-9a9b-fcab2b7d7773,5b244ea5-ace8-438c-9778-dd3ba88bca54,0596bc9e-b5e4-4c7a-ba5e-9045b5b99698,ea72abd5-76d3-4288-a628-16203be1af2c,sale,new_inquiry,,,2,,2026-09-07,,,2026-08-15 19:41:12
0734e60d-8b94-49fa-b06b-e2967038540c,f905f397-b7c5-4d93-acea-5a486b2eb7ac,df697b91-f0ca-4fac-9285-ff8d5c0af67a,7b8ac2ff-8c2d-4f22-8c36-ff73a25c084d,sale,new_inquiry,,,2,,2026-08-26,,,2026-08-19 13:20:29
ec88b241-efef-444a-bc3c-ee84756f244a,60a8e59a-300d-4d93-a592-162daf4477ff,7e95177b-4cce-4624-a722-35577019d6b0,8bfc5cc1-0bdb-48ee-a673-239d3e50a324,sale,qualified,,,2,,2026-08-17,,,2026-08-14 21:16:22
fb718b2c-cafd-490b-a917-7a4c7c303003,e24784ea-dc18-4faf-b1d2-b7be85cdfc85,81fad49a-2d1a-42b6-b72e-9db76824d489,44d61721-36f2-4dc2-92ec-cd2500b5dd89,sale,new_inquiry,,,2,,2026-09-13,,,2026-08-19 09:13:32
bdf1e0dd-c001-4b70-a7b7-35df6e2d8a7d,5be5d25f-ec5f-42d9-b4e8-2ebcd38e81bd,41364b46-6af5-42c3-89aa-d1d88875ff11,574ecc76-46e0-41a7-9d34-81a625fb0aae,sale,new_inquiry,,,2,,2026-08-12,,,2026-08-18 21:57:40
f5bf5a28-5242-44fb-b1d1-7f293500feaf,e039909b-06ff-49b4-a0d6-ffcca1d574fb,3364e99c-f649-4807-885f-eaa68b6fcf5e,cf6d928e-ced5-4277-930e-858ef2c8281e,rent,closed_won,50000,2026-07-29,2,10000,2026-08-31,2026-04-15,,2026-04-15 18:22:02
6050b920-1360-4486-bde0-6e01510147e1,18e29259-2cb8-4021-b886-6ffab061edf1,ecc6b385-6e26-451f-b829-997c86f95b26,340ba938-c318-4eb6-9071-7a799cc96f09,sale,site_visit_scheduled,,,2,,2026-09-19,,,2026-07-10 12:36:01
15b22189-48ec-43b4-83b1-15bda1317e42,f9c77dc8-d7de-4dcd-a0a7-42be83ea132d,dcfccdab-1b95-41a9-bb2c-cad2723b2602,b5cfd5ec-61f8-4a79-b528-3388014c4dff,rent,new_inquiry,,,2,,2026-07-26,,,2026-08-04 21:23:43
57ce7ef1-f276-40f7-8eb2-7a214951d856,f12edcd9-7e36-4bc8-932b-f6ba63419466,0a2a1607-e183-477a-ac7c-7c59416fadc1,072594fd-9ae5-4aac-8c50-13a75e117fa2,sale,new_inquiry,,,2,,2026-08-28,,,2026-08-06 12:54:37
1cbf17f9-aea1-4667-bfc9-bc3f326febff,f3681ea2-5565-47fa-98a8-0bc1827e00b9,869191d0-8ab6-494d-a553-86b00b6f6bee,,sale,qualified,,,2,,2026-08-02,,,2026-08-20 13:37:18
719a8ed6-df10-421c-a5c3-5d5ef8224013,0729a1eb-eb07-4c49-9d81-27997c49b0fe,9d62cf60-a77f-4c76-a230-74a7f9c0e15d,ea72abd5-76d3-4288-a628-16203be1af2c,rent,new_inquiry,,,2,,2026-08-13,,,2026-08-16 15:33:46
ca64a35b-fa85-4899-bb04-81e9bd4c9ffc,7c6ed63f-5d3c-4700-9db3-fd991cad1e5f,9db02c23-3af6-44e2-a708-3a3547b12f89,dd2d9276-b17b-4ec6-9790-114248b796e0,sale,qualified,,,2,,2026-07-24,,,2026-07-25 15:26:43
bfca712c-04af-403a-ab8a-97aecd0d6ce8,9af3e54a-5066-420e-9fb2-b3756b6ac91b,538762fd-bfbc-4f50-9ff0-ede073608c9b,,rent,new_inquiry,,,2,,2026-07-23,,,2026-08-06 18:12:46
4c0b5011-b1da-4807-aeb3-a86b25dbe621,7c68ac7d-cec8-40ac-9311-c4041305e637,9388ce4c-a672-4d42-8a98-f2cb66075210,,sale,site_visit_done,,,2,,2026-08-13,,,2026-07-29 13:36:49
6fd7e2d1-0f3f-4cdd-8b55-048236f4b8e2,00613460-b2c2-45ca-b08f-40ea46c110ef,6a874d33-1f08-41ae-829b-211c77da582e,294659e9-bcce-475b-b411-4fb3a490594e,sale,site_visit_scheduled,,,2,,2026-08-08,,,2026-08-17 19:50:54
86735775-30cd-4e03-aaab-e046541c60be,daf5b7a7-2869-4695-a714-9ee7dade10ca,125c602b-f37a-4d26-aa7a-61519c7c5455,235ec73d-af34-42ee-b835-6b12c7dbec8f,sale,new_inquiry,,,2,,2026-07-31,,,2026-08-17 19:33:23
1488e463-9677-4e2c-b918-08dbc2118a39,2c2dfec2-4fe1-4e3e-bfd5-46f2e3e2ac0d,b94427fc-126f-4c8a-9d85-503c66c30c53,f01b2504-ceae-4568-8929-68ac5df94ffb,sale,new_inquiry,,,2,,2026-07-22,,,2026-08-15 19:15:42
88ea9cb0-d131-49e6-8e4e-8712be5545ee,1bc2a75d-eb3a-47a1-a082-220ea81b1eb5,4494b4a2-6c37-457a-946a-00b4353b451a,a461a578-1c1e-47da-a53e-a0e37c806cc0,sale,qualified,,,2,,2026-08-03,,,2026-07-20 11:26:46
f3035903-9f01-4562-980e-839d421a7ec3,273a2d79-d91e-4ed0-b711-f41c16d6dc25,d7910876-39bb-48c4-9b9f-4204c19b788c,a0354790-95c0-46d5-bb5e-3098fed43942,sale,new_inquiry,,,2,,2026-09-12,,,2026-08-09 18:54:13
8d169dcf-1025-4630-b4d4-5a94630b2a48,938c0cb6-b29d-4515-8a50-8425404ab0d3,b08ccc3b-da1b-4e79-a6a6-0d487bcc60c7,215962e3-e3cd-4456-9359-1e2dcb3968c4,sale,site_visit_scheduled,,,2,,2026-08-08,,,2026-08-08 11:53:53
d1ae49bf-e4c6-4f6e-b500-7b7431ef02aa,29b4261d-4a4e-4781-bcdb-34e85b346fe6,c6ed2311-69f7-4731-bd1f-0d577c50d591,9c32700f-9b27-47be-9f25-880c6007d884,rent,token_bayana_received,30000,2026-05-25,2,5000,2026-09-17,,,2026-06-09 11:56:22
73ce66d7-442b-4e39-919e-07b9b2b2c7f3,9c3f5169-bdda-4026-a9f1-7b626debb6b8,8135c672-fd94-40e9-ad40-bd29a6b39258,470e4ca8-02fb-4192-b12b-098fda8b652d,sale,site_visit_done,,,2,,2026-08-28,,,2026-06-30 09:42:21
2da4cf5b-1b6f-4579-931c-957212ba36fd,9af3e54a-5066-420e-9fb2-b3756b6ac91b,7080e930-5c8b-46a8-980f-64e47dc9444f,a3f8cd3e-4f75-4e46-8eec-3b1c8e72f22b,rent,transfer_registry,90000,2026-05-21,2,23000,2026-07-27,,,2026-07-19 15:46:24
c41cd71f-fd66-4872-9683-5dd8f3d701a5,2d8d8f04-4899-4a58-9927-189fc7d02520,fa13340f-da52-4ad4-bab0-f1f195660757,,sale,qualified,,,2,,2026-09-09,,,2026-08-02 11:15:28
dbf190d9-485e-4837-aaec-bf3bfd05eab2,9130e10f-ecb9-4327-b86e-a99f21e855d3,02f5f140-8620-4f79-8c48-e834409204a5,97a03c42-09bb-48c4-84cf-e1cd23ce58c4,rent,qualified,,,2,,2026-07-25,,,2026-08-03 14:53:59
80dd2a0e-419b-438e-b47f-1c2ef67bd4a1,6f4eaa9d-bae1-47cd-b822-2cac08bb6d96,2aec6e4d-ad27-45a1-90cd-1465fc58aa3f,5f524cbd-d0b8-4708-822c-197b542f65e2,sale,site_visit_done,,,2,,2026-09-12,,,2026-06-27 21:26:13
0ecd34c5-91bb-462a-94c5-88b937d43722,6eeec6aa-d158-4610-85ce-4855eb54b005,f32a047f-cfaf-43f6-8e7d-b43dd3f4817b,abfc0903-425d-450f-835a-b8735cba4128,sale,new_inquiry,,,2,,2026-08-24,,,2026-08-11 15:16:28
94e6c772-08b4-4bfc-bb6b-aadd0bb82ca0,39cc1a8a-9f1c-49b9-b2ba-f47712d455c1,49a0186d-ea11-4e14-8985-57fba6452cb0,,sale,closed_lost,1500000,2026-02-01,2,252000,2026-08-30,2026-01-09,,2026-01-09 20:15:25
4114a49e-0a3d-41e9-a919-ab7295dc0e11,b965126c-6ee1-4abd-b558-90cd3e85efbf,0a586c68-705e-42eb-acc6-c2c07a3873da,215962e3-e3cd-4456-9359-1e2dcb3968c4,sale,site_visit_scheduled,,,2,,2026-07-27,,,2026-08-03 08:46:17
763adae2-8fac-47eb-a8fb-1ed0665b6665,e83a932e-2253-4977-bd21-c1c1cd01f29f,e6be276d-a0f0-404d-8222-4da161b33d13,699b8462-8cfc-4baf-805f-83bfbedd8683,sale,qualified,,,2,,2026-08-16,,,2026-07-27 10:22:12
192ef5e8-b8aa-4c2e-9fca-f93e3441f156,26697475-fe65-43d1-a39a-cbadc81b59de,e7d6cfac-b2d3-4fab-8904-c37d22f30bd9,4608c0b7-052a-4f1d-bc5f-a9bab314a70f,sale,site_visit_scheduled,,,2,,2026-07-24,,,2026-08-17 17:04:19
e6754cfb-75ff-4780-b901-c2e17ec23854,5be5d25f-ec5f-42d9-b4e8-2ebcd38e81bd,d188059e-b850-43b9-9a1a-f72a12b9c55a,574ecc76-46e0-41a7-9d34-81a625fb0aae,sale,closed_won,820000,2026-03-29,2,284000,2026-09-07,2025-11-30,,2025-11-30 10:11:11
cc9dc42f-342d-4994-a464-ede02feebbab,2bfcd8fa-cfbc-4f81-ab75-9feb6edcfcc1,3c3903c8-b5de-475d-8c49-910caafb9e07,fd76d611-3823-4c2b-8ce3-3df842235131,rent,site_visit_scheduled,,,2,,2026-08-06,,,2026-08-02 21:42:33
b5d1b7c8-1c66-4938-8d83-7b2e42600e26,8ecaec01-1fb9-48e8-8fae-638ced15b191,e8ac3071-54ac-4be0-b9d1-cd32ac277431,6dbacfa7-55a2-43a6-8e29-ec85c7072d23,sale,site_visit_done,,,2,,2026-09-19,,,2026-07-12 20:08:33
6f06ae61-cd49-47de-8438-ca4d0d4f0fd8,de85fc29-1d16-439d-93db-b2880130bd0b,e07e8865-6aff-41ad-a54f-f3f6624acc53,1c51c884-e8ab-40a5-bba9-cb1991ee1249,sale,new_inquiry,,,2,,2026-07-25,,,2026-08-04 11:34:11
20436bc2-a164-4d8f-8631-94812b8e814d,f905f397-b7c5-4d93-acea-5a486b2eb7ac,14b513a5-2b6e-4612-94f7-fe6d4215e9c5,,sale,site_visit_scheduled,,,2,,2026-09-17,,,2026-07-07 19:01:29
eca362ae-af3b-4002-a176-d671c6918957,9c9612ed-0e75-49e5-8979-666b77baeb54,70246212-a9b1-4b39-b107-cd29d8f63e50,5ab13d8b-c9f8-40d9-bfc7-dc482073e3af,sale,closed_lost,2730000,2026-04-06,2,691000,2026-08-10,2025-12-04,,2025-12-04 19:03:13
6bde6dc9-2307-4a87-9234-815b7e9f7a45,6eeec6aa-d158-4610-85ce-4855eb54b005,6975695d-11d2-42d9-a2c3-259e9f2d2c02,fd57ff14-3318-401b-98d0-2c7a5bc5825b,sale,qualified,,,2,,2026-08-07,,,2026-07-23 10:15:08
a7a72f39-4ec3-496c-9c68-616e19789e87,4cfa1cef-983f-4774-991b-a6c517a2b6f4,95ea2de3-502b-4b98-a65d-851b035bc037,,sale,new_inquiry,,,2,,2026-09-07,,,2026-08-13 16:37:33
84207490-3f63-45d8-b9b1-d925b0757649,affc966c-f2c4-4a10-9ace-beb3f166de26,f629c795-c7d0-47aa-8857-dcf1b35717a1,f6de2625-bb1c-46bb-bffa-35fac519ca3a,sale,closed_won,610000,2026-03-10,2,117000,2026-08-09,2026-08-02,,2026-08-02 16:08:55
e722aa4d-0a93-4ec8-bddf-4efe2fa47526,b9304e24-e78e-4dd1-8064-ed9ed499d902,e85abad3-0f7f-4f33-b93d-b95a024529f6,f01b2504-ceae-4568-8929-68ac5df94ffb,sale,offer_made,,,2,,2026-09-09,,,2026-08-08 08:15:57
b47a10c2-0f96-42d9-a639-a6de2e539f4c,7683aeed-b572-49e5-83cd-28055d9b5169,b3383151-1e4f-41ae-9886-bd83654a7971,05f05440-79a2-4d88-bc14-0af3f8f74ff9,sale,new_inquiry,,,2,,2026-09-19,,,2026-08-08 11:42:50
b1250a38-0d2e-4a69-a048-6890418e6ffc,8d4db098-ad90-4b40-82d1-5ff96719f980,8ed46ba7-ac13-4e0d-8ec0-4ada87ea2914,5eb7e938-ef56-486f-b048-6cc9e28a368b,sale,offer_made,,,2,,2026-07-29,,,2026-07-17 16:42:27
93685203-026c-420a-ad5a-fce6bbae1316,ea851ff0-f3be-4c62-9ec2-05186f6eb210,ccf38825-c2d6-446d-83f9-e76c51dc743b,b80669e2-471b-41fe-8ffa-1f91f746ed2b,sale,closed_lost,1070000,2026-07-04,2,212000,2026-08-11,2025-11-03,,2025-11-03 14:12:58
7a556cd8-bbed-42e5-8709-a108148a8cc6,942b41d3-651d-4d03-9df4-d8f265d203bc,a0f2264a-92fc-4e90-a927-132d79dfee7a,1a7dc1fd-920a-48f3-a866-ea52d5b16ad8,rent,sale_agreement,80000,2026-07-01,2,31000,2026-09-18,,,2026-07-26 17:42:08
396f5617-3025-4ecd-9094-731adc6b9620,6f4eaa9d-bae1-47cd-b822-2cac08bb6d96,7c62d0a3-655a-4b73-a369-c151eaeecd21,5f524cbd-d0b8-4708-822c-197b542f65e2,sale,due_diligence,1480000,2026-06-30,2,333000,2026-08-19,,,2026-05-30 21:26:02
c58468d3-73f2-47c3-a0c3-c57916ffde2d,8b9dbc0f-98e9-491f-8c3a-ecb8082f7116,9777a3ed-015c-45c6-a8a5-a3065c24dd79,e482b09e-9557-4bf7-acfc-2c661e9c9130,sale,offer_made,,,2,,2026-09-04,,,2026-07-13 19:25:39
681dbdaa-1e8b-41f0-a8ad-44926c471429,1ec75161-7fa3-4f60-b8d9-6aa1ba35c9fc,2b7b9213-c52f-4d22-a748-b679f7026325,f58bf36e-969c-43a9-8a23-d73ec0cb7a84,sale,closed_won,230000,2026-03-17,2,64000,2026-09-17,2026-02-25,,2026-02-25 08:51:35
c27892f0-7dbb-4ef3-9b84-3bd441b8865c,f905f397-b7c5-4d93-acea-5a486b2eb7ac,f29ef226-ed41-4f26-8980-72293fc778ec,6b06eac3-0fc0-4010-adfc-f18990635f70,sale,qualified,,,2,,2026-09-19,,,2026-08-04 19:09:39
04a2e151-3fc0-4b3e-9dc1-6f6e94db30c1,2c626416-8186-41ee-ac81-a529fda3def5,bfe8bb0c-4829-45ee-a843-1dae954e610c,574ecc76-46e0-41a7-9d34-81a625fb0aae,sale,qualified,,,2,,2026-09-18,,,2026-08-17 09:30:03
bfee5448-7b25-457b-87b1-246e8586e9bf,9d3da264-308f-4472-b716-6faff9271368,cb1447e6-1451-4f9f-8699-ab058aab9ec3,,sale,sale_agreement,3100000,2026-06-22,2,785000,2026-08-01,,,2026-06-29 21:27:21
07d80742-3b80-4a10-9c24-a668755e2c12,eb096928-a282-40c9-9557-c42dd343513f,e7be3cf1-39de-45ad-bd7d-a121f627191c,751d231e-1740-4e10-b255-8f1c89232fe8,sale,site_visit_done,,,2,,2026-08-02,,,2026-08-01 10:02:36
17412472-7a07-4600-aff0-f41876bb34f7,2bfcd8fa-cfbc-4f81-ab75-9feb6edcfcc1,4cb8e8ea-735a-41e0-a9b4-4a3b99e331dd,fd76d611-3823-4c2b-8ce3-3df842235131,rent,closed_lost,20000,2026-04-27,2,5000,2026-08-30,2025-11-19,,2025-11-19 11:23:59
02e8e9df-43f3-44d6-9854-6fc78406f316,5ba71510-0180-4096-8dd1-70622ea9c6c3,c6bb3bca-d735-4134-baef-25e98e869d8e,dfc9f393-28b8-4cde-a710-a6a604d77434,sale,new_inquiry,,,2,,2026-09-10,,,2026-08-19 12:52:49
5d5eaa77-8031-4839-8f34-9a4a7972c603,36b9d5eb-297a-465a-93ed-45f96830a7a0,03dc80fc-ebb0-4720-85c4-e48bc7a1d133,340ba938-c318-4eb6-9071-7a799cc96f09,sale,offer_made,,,2,,2026-09-15,,,2026-07-16 12:40:54
0b15082e-c7a6-4cc2-b00f-802513768844,0c042d1c-190c-4e64-9730-e47c13ccce61,2fd0c10e-3e8f-49a3-a4ea-9c38e2bd16f8,cd7c00e2-637a-4a9a-b644-ca0c2b11f661,sale,site_visit_done,,,2,,2026-08-06,,,2026-08-13 18:43:42
a32be31c-aa3a-4d06-88fb-3d63d9e965e8,7df42a89-3d4b-447e-8003-0aee185670c8,ed5ee2c6-67e0-4f44-8f2e-e749e7e516e1,8303c920-c8f8-434f-b6ba-caffb334e899,sale,qualified,,,2,,2026-08-19,,,2026-08-19 17:30:40
104c2b1f-0d7c-46f8-9ad0-9061338e959c,c63e13b5-721c-4825-8caa-039c6f514d10,4aae2375-f950-4714-95d4-c2afdfcf543f,,sale,new_inquiry,,,2,,2026-09-13,,,2026-08-02 18:00:49
f6eee0de-a2b2-4426-ba2b-0627231e2a53,daf5b7a7-2869-4695-a714-9ee7dade10ca,96c4159c-6885-4a34-9436-803a50c0bd6e,d0c5f0a3-b07f-4739-aad8-8f0c197066e0,sale,new_inquiry,,,2,,2026-09-16,,,2026-08-16 18:36:49
b75eb8b0-f560-49ed-9202-83ab62b3dc52,e5e6cbaa-39a4-4ad9-a84f-fb7e18438a5a,3f986d33-59fc-47f6-a8bc-0a082ca96e80,ca2d6ca4-dfe3-4f1b-b53c-b1760e3ecd00,rent,site_visit_scheduled,,,2,,2026-09-17,,,2026-07-26 10:05:39
643a066a-c243-4934-ab25-e0eb80aca196,de85fc29-1d16-439d-93db-b2880130bd0b,6cfb0603-6dfc-4dec-915e-82a3ec357dd0,1c51c884-e8ab-40a5-bba9-cb1991ee1249,sale,new_inquiry,,,2,,2026-09-14,,,2026-08-08 19:37:54
ce8d11c3-218b-47f8-811f-fe80c339b324,d015ef62-8e28-47d4-99ab-216159ac7a37,f773287c-b77a-49ea-8086-dbb35bb0b4a3,279ba864-a58b-4617-b9d9-a060c512d7c2,sale,new_inquiry,,,2,,2026-09-11,,,2026-08-12 18:32:12
b5fd2d5a-1a9f-4bd8-86f3-da0b8ec8d912,daf5b7a7-2869-4695-a714-9ee7dade10ca,6837e150-a2d5-4e31-bbf7-b08043098250,,sale,qualified,,,2,,2026-08-13,,,2026-08-04 12:00:42
180c8824-7e38-4a30-bb80-458d1bb4f2cb,3fbb7fd7-1f13-4d84-9901-73b1a5388c91,7896e378-6570-42c4-a075-268b19ba0eb9,e2ccf0cc-45e2-4dd8-a365-9adb43fe94b8,sale,new_inquiry,,,2,,2026-08-17,,,2026-08-19 16:44:09
c696974f-59a6-47d0-8786-24088f786265,77c1ee6e-55d2-480c-b5d0-25e3f521115c,3525309a-25c5-4e52-be56-ce9fdb28107b,b9caad0c-d57d-449d-8593-5f6fffe01f44,sale,token_bayana_received,3460000,2026-07-12,2,1053000,2026-08-09,,,2026-07-19 21:41:02
a6dc812c-30f7-4515-9cd4-4b72587f7930,1286e053-84c6-43a4-ab0c-622e24e3610a,98c563a8-3fab-4a96-8490-a3866d41047b,ae854e8d-d950-43bc-bbd0-e77f17b31a27,rent,new_inquiry,,,2,,2026-08-25,,,2026-08-11 10:36:54
19363153-155e-4160-8483-187263b87c8e,9c9612ed-0e75-49e5-8979-666b77baeb54,c99021de-2f72-4dcc-8078-c03995b69106,5ab13d8b-c9f8-40d9-bfc7-dc482073e3af,sale,site_visit_scheduled,,,2,,2026-08-29,,,2026-07-09 18:13:51
d3a331cc-659b-451c-b38d-1c04280f5199,daf5b7a7-2869-4695-a714-9ee7dade10ca,b96f1565-cd3d-4ed2-83b3-f86c6150aace,,sale,token_bayana_received,860000,2026-05-25,2,199000,2026-08-07,,,2026-07-06 21:56:56
b79e0e19-68be-4186-b0b2-d4cedb894427,69a4e722-49b6-437d-8af9-d169ec9a4f6e,8ea97a9e-4cfc-4d49-9cc5-1970f2a147d6,116cef39-a0f7-40b0-a225-35f89bc2527d,sale,closed_won,2390000,2026-06-28,2,429000,2026-09-19,2026-08-05,,2026-08-05 11:46:35
