id,property_type,purpose,size_unit,size_value,city,area,society,phase,block,plot_number,file_number,file_type,payment_plan_status,transfer_fee_status,asking_price,rent_price,dc_rate,market_rate,development_charges_status,possession_status,verification_status,status,owner_contact_id,created_at
81a7aa2d-97e4-4e62-8e8a-8e83f8b90254,apartment,sale,Sq Yd,3546,Islamabad,G-11,G-11,Phase 9,A,,,,,pending,57250000,,42550000,57790000,,possession_ready,fard_checked,available,b847b3b7-d6ad-4941-9f75-1c1357d5c196,2026-08-20 13:04:18
26697475-fe65-43d1-a39a-cbadc81b59de,house,sale,Sq Yd,2086,Lahore,Johar Town,Johar Town,,,,,,,,24350000,,18070000,27150000,,possession_ready,fard_checked,available,4608c0b7-052a-4f1d-bc5f-a9bab314a70f,2025-07-21 14:27:33
3b8c3609-3618-4dfd-9678-578d53280cd5,house,sale,Sq Ft,3222,Rawalpindi,Bahria Town Rawalpindi,Bahria Town Rawalpindi,Phase 8,,,,,,,21900000,,12700000,21360000,,possession_ready,noc_verified,suspended,9a0093d3-d4bc-4a58-a594-6e7dad79b90f,2026-08-01 17:40:11
c5abe73f-c83b-4d8c-8324-a47a1d7e3f69,file,sale,Sq Ft,2234,Faisalabad,Wapda City,Wapda City,Phase 1,,942,F-11321,closed,completed,paid,22750000,,13970000,23890000,,file_only,registry_pending,available,56e31adb-5457-466a-8a12-40ef39695a0d,2026-06-20 13:58:53
273a2d79-d91e-4ed0-b711-f41c16d6dc25,apartment,sale,Kanal,3,Lahore,Valencia Town,Valencia Town,,,,,,,paid,7200000,,4320000,7420000,,constructed,noc_verified,available,a0354790-95c0-46d5-bb5e-3098fed43942,2025-09-24 10:11:53
bdfc2907-e395-47b6-842f-0f7992ea3c59,house,sale,Marla,12,Lahore,Valencia Town,Valencia Town,,C,,,,,,3200000,,2080000,3140000,,possession_ready,fard_checked,sold,,2026-07-19 08:46:35
c5112f49-f586-41a0-b42b-07ff59180799,house,sale,Sq Ft,680,Rawalpindi,Askari 14,Askari 14,Phase 4,C,,,,,,5400000,,3560000,5460000,,possession_ready,noc_verified,available,8beb2273-ff56-48f5-a576-77e47845ce81,2025-12-02 19:02:22
affc966c-f2c4-4a10-9ace-beb3f166de26,house,sale,Marla,15,Karachi,Askari 5,Askari 5,Phase 2,E,,,,,,5850000,,4070000,6270000,,possession_ready,not_verified,rented,f6de2625-bb1c-46bb-bffa-35fac519ca3a,2026-08-13 21:03:23
4d3ecc60-62b1-4094-a08e-492b6ddbed29,residential_plot,sale,Sq Yd,2599,Rawalpindi,DHA Rawalpindi,DHA Rawalpindi,Phase 1,G,872,,,,,26850000,,13770000,30400000,paid,possession_ready,registry_pending,available,fabbb31b-5ed8-4e29-be5f-094c6431b1b9,2026-01-14 19:14:38
38234119-6269-4ca2-b854-4395c49684df,house,sale,Marla,14,Karachi,North Nazimabad,North Nazimabad,,H,,,,,paid,4700000,,3350000,4630000,paid,possession_ready,not_verified,available,,2025-12-24 13:01:06
aa2b2597-f08b-4dbd-bfed-532100ab633e,residential_plot,rent,Marla,5,Faisalabad,Madina Town,Madina Town,Phase 2,C,589,,,,paid,,30000,,,paid,file_only,noc_verified,rented,1c4ad09c-c630-4e0d-a728-ec9295f1e320,2026-07-24 14:25:18
96fc52ec-52d4-4304-bc15-b03312969563,apartment,sale,Sq Yd,3070,Multan,Model Town Multan,Model Town Multan,,F,,,,,,41450000,,26990000,40360000,paid,file_only,fard_checked,token_taken,,2026-04-02 14:41:20
85fbb273-1feb-4207-bfef-61baee9128b0,house,rent,Marla,11,Karachi,Clifton,Clifton,,,,,,,,,230000,,,,under_development,fard_checked,available,2d9322e4-0012-4f38-aebd-02a094daf85f,2026-08-13 16:39:58
38c5f065-c827-4cfa-bf6d-3e417e7538eb,house,sale,Kanal,3,Karachi,DHA Karachi,DHA Karachi,,,,,,,,41100000,,22930000,41230000,paid,possession_ready,transfer_complete,sold,,2025-08-23 08:49:21
caa66195-b804-46d7-97ae-f5d803ebc448,apartment,rent,Sq Ft,733,Faisalabad,Jinnah Colony,Jinnah Colony,Phase 9,F,,,,,paid,,240000,,,,possession_ready,transfer_complete,available,,2025-12-13 21:48:24
52fd3f80-4dc5-44f2-bdee-fcc5af2b8e35,residential_plot,sale,Kanal,3,Islamabad,G-11,G-11,,,505,,,,,50150000,,31810000,56500000,paid,constructed,registry_pending,sold,,2026-03-25 12:31:59
137a2799-ae80-409c-ab32-506e52279567,apartment,sale,Kanal,2,Karachi,DHA Karachi,DHA Karachi,Phase 4,F,,,,,pending,3000000,,2350000,3380000,pending,possession_ready,fard_checked,available,cfca5bbc-d0f1-4f5a-b8cc-7442511c8684,2025-11-07 19:46:44
e8c6baa0-e701-43b8-9b5a-51e9ebb912ea,residential_plot,sale,Kanal,2,Karachi,PECHS,PECHS,Phase 7,,43,,,,pending,19650000,,12820000,21560000,pending,under_development,fard_checked,rented,,2026-02-05 09:55:06
1ab9cdf0-aaae-4a11-b323-9ebea2fe4ae4,file,sale,Sq Ft,3861,Islamabad,DHA Islamabad,DHA Islamabad,Phase 8,F,580,F-86530,ballot,completed,,3000000,,2100000,2860000,paid,constructed,not_verified,token_taken,,2025-12-19 19:31:53
8a5212d8-e72f-449d-9448-4b7c3925475b,house,sale,Sq Ft,2296,Karachi,North Nazimabad,North Nazimabad,,,,,,,,40550000,,25680000,41100000,pending,under_development,noc_verified,available,,2026-07-25 19:59:46
c0dcdd40-5013-4f2d-b491-a305d265f332,house,sale,Kanal,2,Lahore,DHA Lahore,DHA Lahore,Phase 5,,,,,,paid,21050000,,12870000,23000000,paid,file_only,noc_verified,available,f01b2504-ceae-4568-8929-68ac5df94ffb,2026-03-08 11:34:11
5f0d47ad-c64c-4799-a111-57b40c322735,residential_plot,sale,Sq Ft,2665,Peshawar,Hayatabad,Hayatabad,,,494,,,,,3650000,,2060000,4120000,,constructed,fard_checked,available,1354ce8e-8311-4925-9a0b-f62f248ae1b8,2025-11-10 13:45:28
96ab194a-1ed4-44e0-87b6-3b56d67dbb6b,residential_plot,rent,Sq Yd,1380,Faisalabad,Madina Town,Madina Town,Phase 8,F,401,,,,,,180000,,,,constructed,not_verified,sold,,2025-10-06 17:50:07
314a379a-eae2-4487-a4ad-9b1074c5a2c5,residential_plot,sale,Sq Ft,1244,Lahore,Askari 10,Askari 10,,,555,,,,pending,38300000,,20000000,37580000,,constructed,fard_checked,available,ea651a4a-d77a-46f9-898f-5c8d6207baeb,2026-04-22 16:10:46
b3f05848-f761-467a-a3ba-20474de35a9f,residential_plot,rent,Sq Ft,1783,Peshawar,DHA Peshawar,DHA Peshawar,Phase 7,D,1,,,,,,255000,,,,under_development,registry_pending,available,41336307-6123-4e5e-a27c-4e040f425040,2026-08-07 08:26:25
39cc1a8a-9f1c-49b9-b2ba-f47712d455c1,agricultural,sale,Kanal,2,Karachi,Gulshan-e-Iqbal,Gulshan-e-Iqbal,,,420,,,,,12600000,,8470000,13960000,,under_development,not_verified,available,,2026-06-05 17:10:45
294dab75-dba6-4e40-9d5c-53a443cd3559,house,sale,Sq Ft,1028,Karachi,Gulshan-e-Iqbal,Gulshan-e-Iqbal,,D,,,,,paid,16200000,,12190000,16150000,,under_development,registry_pending,available,0c70170f-5f13-48df-9f3e-94617ae4cf9d,2026-03-02 15:52:20
5a6ba27b-394d-4cdc-a613-aa6ac3b6c312,apartment,sale,Sq Ft,1924,Faisalabad,Jinnah Colony,Jinnah Colony,Phase 4,,,,,,pending,18050000,,14370000,19500000,,under_development,noc_verified,available,fceb9bed-8f22-4b08-9df1-b82c73c40732,2026-04-27 19:44:28
36b9d5eb-297a-465a-93ed-45f96830a7a0,commercial,sale,Sq Ft,2663,Lahore,Gulberg,Gulberg,Phase 9,E,81,,,,,14600000,,10570000,14020000,pending,constructed,not_verified,available,340ba938-c318-4eb6-9071-7a799cc96f09,2026-08-18 08:50:07
4159f252-7f66-451b-933e-b81e0f5d79cc,house,rent,Kanal,1,Islamabad,F-11,F-11,Phase 5,H,,,,,,,225000,,,paid,possession_ready,not_verified,available,,2026-01-19 10:05:53
e5e6cbaa-39a4-4ad9-a84f-fb7e18438a5a,residential_plot,rent,Kanal,2,Lahore,Valencia Town,Valencia Town,Phase 2,,124,,,,paid,,155000,,,,file_only,not_verified,sold,ca2d6ca4-dfe3-4f1b-b53c-b1760e3ecd00,2026-04-11 13:03:45
76693874-7baf-4841-8c63-8239e0e3dc22,residential_plot,sale,Marla,11,Rawalpindi,Bahria Town Rawalpindi,Bahria Town Rawalpindi,Phase 1,H,506,,,,paid,11100000,,7700000,11090000,pending,constructed,noc_verified,available,235ec73d-af34-42ee-b835-6b12c7dbec8f,2026-01-06 20:35:54
f01d1ab8-6c20-4d78-9206-784c5ed8b6c7,house,sale,Sq Ft,760,Karachi,Clifton,Clifton,Phase 4,E,,,,,pending,8000000,,4560000,8950000,,constructed,fard_checked,available,9e0254ec-88c6-4c85-aecd-0471c879ffac,2026-05-13 15:39:35
d1d86a25-6a38-45dc-ad90-ce9914a25aae,house,rent,Sq Yd,1344,Peshawar,Hayatabad,Hayatabad,Phase 1,,,,,,paid,,130000,,,,constructed,fard_checked,available,,2026-02-17 11:26:40
f3681ea2-5565-47fa-98a8-0bc1827e00b9,house,sale,Sq Yd,3951,Karachi,DHA Karachi,DHA Karachi,,,,,,,,6300000,,3210000,7010000,,file_only,fard_checked,suspended,,2026-07-10 10:33:10
00f92157-a8f5-4a35-a5cd-91786f04de39,residential_plot,sale,Sq Yd,2817,Karachi,Clifton,Clifton,,H,993,,,,pending,27650000,,17210000,31640000,paid,constructed,not_verified,available,9a817c2f-26eb-4491-8f19-02794f1aac6a,2025-08-19 17:08:30
1bc2a75d-eb3a-47a1-a082-220ea81b1eb5,residential_plot,sale,Sq Yd,2906,Lahore,Bahria Town Lahore,Bahria Town Lahore,,,599,,,,paid,22950000,,16220000,24190000,,constructed,registry_pending,sold,a461a578-1c1e-47da-a53e-a0e37c806cc0,2025-09-02 19:12:08
0c8f874a-f1f3-436b-81aa-8b1624a25fba,commercial,sale,Sq Ft,3172,Lahore,Askari 10,Askari 10,,D,886,,,,,48950000,,26900000,53290000,pending,file_only,registry_pending,available,,2026-07-17 18:48:48
9263f061-40a1-4f6a-94c1-2443bd10c831,apartment,rent,Sq Ft,2687,Karachi,PECHS,PECHS,Phase 9,B,,,,,,,285000,,,,file_only,fard_checked,available,,2025-12-09 14:42:27
8c86818f-e5c4-492f-ae69-2fd675b0167d,apartment,rent,Sq Yd,1902,Karachi,PECHS,PECHS,,,,,,,,,40000,,,,constructed,registry_pending,available,d19ef300-021a-4bf8-9f9d-21683104a782,2026-03-02 08:28:09
ec29a84d-0abe-407a-9024-5ac7d1f57bb1,house,sale,Marla,9,Faisalabad,Jinnah Colony,Jinnah Colony,Phase 5,F,,,,,,3100000,,1920000,3070000,,possession_ready,registry_pending,available,,2025-11-08 13:37:44
1f2dc0db-c650-486c-a2ab-c0a8de4ad9e7,house,sale,Kanal,4,Islamabad,DHA Islamabad,DHA Islamabad,Phase 9,,,,,,,6200000,,4030000,6950000,paid,constructed,noc_verified,available,89edec42-3d15-4620-bee9-3bec3e2679a2,2026-01-08 14:05:44
c438421e-9425-4f71-8de1-afdd099740aa,residential_plot,rent,Sq Yd,1934,Rawalpindi,Askari 14,Askari 14,,,166,,,,,,160000,,,paid,constructed,not_verified,available,f1182042-1312-47f4-8195-e1118ad9e6b5,2025-08-10 13:27:45
6e8cd984-5dfd-4905-b0e2-fee967266d31,apartment,sale,Kanal,1,Lahore,Johar Town,Johar Town,,,,,,,,50650000,,38410000,51980000,,under_development,not_verified,token_taken,f00b55d9-a48d-44b3-9e93-3ee287b36674,2026-01-04 08:05:57
d426074a-0256-40b5-a86b-07d30da4d65d,residential_plot,rent,Kanal,4,Karachi,Gulshan-e-Iqbal,Gulshan-e-Iqbal,,,665,,,,,,25000,,,,constructed,fard_checked,sold,78545269-f8f0-4595-b9ab-510fb78501e5,2026-05-07 20:53:51
ffe1f885-9849-4ca9-9c53-e4b9568286b9,file,sale,Sq Ft,1380,Rawalpindi,Askari 14,Askari 14,Phase 5,A,920,F-42223,closed,delayed,pending,23300000,,13900000,23190000,paid,under_development,not_verified,available,,2026-08-11 10:33:51
36083715-b567-4b2c-8653-d32f42914d08,apartment,rent,Sq Yd,3735,Karachi,DHA Karachi,DHA Karachi,Phase 3,,,,,,paid,,115000,,,,possession_ready,noc_verified,sold,dcfc8c19-72fc-49ec-a34e-03463526a96f,2025-12-09 12:35:25
9a63158b-4b13-4869-89a6-1b97de0c33bf,house,sale,Kanal,2,Multan,Bosan Road,Bosan Road,,C,,,,,paid,23350000,,16590000,24980000,,possession_ready,fard_checked,available,,2025-12-16 15:13:34
faeb0d1b-3a72-490a-acb6-811b6b1fb1ff,house,rent,Kanal,4,Lahore,Valencia Town,Valencia Town,Phase 3,A,,,,,pending,,45000,,,,under_development,not_verified,token_taken,7a246093-a2e3-47d8-951a-cc6c368dbbef,2026-05-14 10:01:49
1818f88d-ecdf-4c88-9ba0-b9603a88edaa,house,sale,Sq Yd,1076,Lahore,Valencia Town,Valencia Town,Phase 1,,,,,,paid,5350000,,4170000,5750000,,under_development,not_verified,rented,,2026-07-30 15:22:29
08c529db-a18b-409a-8b51-8f8aa794b4b0,file,sale,Marla,19,Lahore,Model Town,Model Town,Phase 6,G,798,F-76370,ballot,delayed,pending,3550000,,2630000,3740000,pending,under_development,registry_pending,available,,2026-04-17 21:27:56
f12edcd9-7e36-4bc8-932b-f6ba63419466,file,sale,Sq Ft,2964,Lahore,Valencia Town,Valencia Town,Phase 9,E,994,F-62978,open,completed,pending,46750000,,36500000,48880000,,constructed,fard_checked,available,,2025-09-09 11:21:18
47ab4118-4695-46e1-9a9a-b4293bc1e580,commercial,sale,Sq Ft,1893,Karachi,Askari 5,Askari 5,Phase 4,D,625,,,,paid,23000000,,17550000,25740000,paid,under_development,registry_pending,available,5d3cbf0e-d026-4797-b868-b36fabb05c13,2026-03-21 10:37:18
c53d1cc8-b37d-414f-98f2-f27b0e740bd5,apartment,rent,Kanal,2,Sialkot,Model Town Sialkot,Model Town Sialkot,Phase 1,E,,,,,pending,,95000,,,paid,possession_ready,not_verified,available,,2026-03-28 19:04:26
6c984187-cee0-4a59-b837-807ad20648f6,apartment,sale,Kanal,1,Islamabad,Bahria Town Islamabad,Bahria Town Islamabad,Phase 9,,,,,,,6500000,,3720000,6320000,,file_only,fard_checked,available,925ae9b5-96a4-48b2-97ee-d7c69a2a2e8d,2026-02-17 15:44:38
235d119f-4347-44dc-b4eb-1645b422b69a,apartment,rent,Kanal,1,Lahore,Bahria Town Lahore,Bahria Town Lahore,Phase 1,A,,,,,paid,,170000,,,,file_only,not_verified,token_taken,12359d84-2017-43a9-98c6-a1be951347f3,2026-05-30 15:47:46
eaba70dd-c31c-4d0e-8e4b-c3f3e44149e8,house,rent,Kanal,1,Islamabad,Bani Gala,Bani Gala,,,,,,,paid,,25000,,,pending,file_only,not_verified,available,e161f5a7-4e47-4eac-8396-4d39dd9c8c05,2026-07-24 18:36:09
8f971335-06c8-4f95-94f7-5e5975f65c04,apartment,sale,Sq Yd,3211,Peshawar,DHA Peshawar,DHA Peshawar,,E,,,,,paid,58450000,,30070000,61160000,,file_only,not_verified,available,d96cfa73-0a69-43c1-9e1d-34fef4c18945,2025-12-04 15:24:09
d015ef62-8e28-47d4-99ab-216159ac7a37,commercial,sale,Sq Ft,3555,Islamabad,F-10,F-10,,A,361,,,,,26450000,,14390000,28730000,paid,file_only,fard_checked,available,279ba864-a58b-4617-b9d9-a060c512d7c2,2026-05-04 15:44:39
92e53658-9a8c-4df3-9e35-628bececd91f,residential_plot,sale,Kanal,1,Bahawalpur,Model Town Bahawalpur,Model Town Bahawalpur,,,540,,,,,26650000,,16620000,29660000,pending,possession_ready,fard_checked,available,,2025-08-21 10:01:15
612a2bad-4fb7-45e6-b413-b077523ef51e,house,sale,Kanal,4,Bahawalpur,Shadra Town,Shadra Town,Phase 1,G,,,,,,39600000,,21640000,43750000,,under_development,transfer_complete,sold,7a246093-a2e3-47d8-951a-cc6c368dbbef,2025-11-25 11:14:36
4e9d7239-94e5-41c5-b00f-2a300fa3e026,house,rent,Sq Ft,527,Lahore,Model Town,Model Town,,A,,,,,pending,,25000,,,paid,possession_ready,fard_checked,available,,2026-02-08 12:26:06
b224a2e8-7727-423d-a38c-5ebf067d791d,apartment,rent,Kanal,3,Islamabad,DHA Islamabad,DHA Islamabad,Phase 3,D,,,,,,,280000,,,paid,constructed,noc_verified,available,,2025-10-21 08:45:38
fea228c3-f6fe-408a-8daa-a2f39a239d40,house,sale,Sq Yd,3740,Karachi,Gulshan-e-Iqbal,Gulshan-e-Iqbal,Phase 5,,,,,,,42100000,,33640000,44100000,,under_development,fard_checked,rented,,2025-09-03 18:14:51
c0d22af2-2720-4269-aa80-e7bd9234e251,house,sale,Kanal,2,Islamabad,G-10,G-10,Phase 1,,,,,,,14300000,,8390000,16260000,,constructed,noc_verified,token_taken,41716455-62dd-4da6-a768-7fa3fe794897,2026-05-14 13:35:45
3db959a7-88f8-485c-8475-7e8764d1ffcd,residential_plot,sale,Sq Yd,2244,Lahore,Model Town,Model Town,,F,211,,,,,50300000,,32870000,50330000,,possession_ready,registry_pending,available,56ced53c-d7ec-4b0c-a5e9-940a945ee39d,2026-08-19 18:52:10
7cbf3bd0-324f-4d86-98d3-65e52940b2e4,apartment,rent,Marla,6,Karachi,Askari 5,Askari 5,Phase 1,,,,,,pending,,295000,,,,file_only,not_verified,available,,2026-07-21 13:43:17
48051362-2a22-42a4-98db-5b0c56fc4706,commercial,rent,Sq Ft,2416,Peshawar,DHA Peshawar,DHA Peshawar,Phase 4,,827,,,,,,90000,,,paid,under_development,fard_checked,sold,8b3fddac-e1d8-46d0-b427-e626b71d8547,2026-06-12 09:26:39
64b76e17-7e66-4ade-89bb-b6e711b0dbc0,house,sale,Marla,4,Karachi,Gulshan-e-Iqbal,Gulshan-e-Iqbal,Phase 6,H,,,,,paid,58050000,,40090000,65750000,paid,under_development,fard_checked,available,e5298de4-68c3-405c-a321-53a4541b902b,2025-11-17 11:32:38
27d78aaf-ebab-4ef0-a93f-59a1f012de2d,file,rent,Marla,11,Sialkot,Cantt,Cantt,,C,126,F-94067,closed,on schedule,pending,,225000,,,,possession_ready,noc_verified,sold,c91d10ca-ca41-4e01-bc46-24ed99678162,2026-07-17 19:13:48
533b3048-2e92-42e5-8190-ae3e86b32f0c,residential_plot,sale,Marla,19,Islamabad,F-10,F-10,,F,545,,,,,42900000,,27080000,46350000,paid,possession_ready,fard_checked,sold,13165b5a-d5b6-4433-bb65-7bc356fc69cf,2026-08-20 12:55:56
8bf504b7-0a22-4e72-bd0a-dd6fc9a039b1,residential_plot,rent,Marla,7,Karachi,Gulshan-e-Iqbal,Gulshan-e-Iqbal,Phase 4,G,672,,,,pending,,230000,,,,constructed,fard_checked,available,b340ea37-a3de-4c22-abea-4171995e6348,2026-07-25 09:26:08
2ee8f586-5250-4b93-9b16-6ed32a4770fe,residential_plot,rent,Sq Yd,3706,Rawalpindi,Chaklala Scheme 3,Chaklala Scheme 3,Phase 5,,474,,,,pending,,20000,,,,file_only,not_verified,available,cd7c00e2-637a-4a9a-b644-ca0c2b11f661,2025-08-27 21:32:49
938c0cb6-b29d-4515-8a50-8425404ab0d3,commercial,sale,Sq Ft,1474,Rawalpindi,Chaklala Scheme 3,Chaklala Scheme 3,,,655,,,,,20950000,,11410000,20810000,paid,file_only,not_verified,available,215962e3-e3cd-4456-9359-1e2dcb3968c4,2025-12-08 11:25:16
5164cc12-614b-494a-8074-dc18bc35785c,file,sale,Sq Yd,1239,Karachi,Clifton,Clifton,Phase 4,H,666,F-23176,closed,completed,paid,30850000,,20250000,32150000,paid,possession_ready,registry_pending,available,,2025-08-28 15:13:33
942b41d3-651d-4d03-9df4-d8f265d203bc,residential_plot,rent,Marla,20,Islamabad,G-11,G-11,,H,684,,,,,,130000,,,pending,possession_ready,fard_checked,available,,2026-04-28 09:20:44
88956928-822a-4b05-876a-cad9b9f46223,house,sale,Sq Yd,3885,Lahore,Johar Town,Johar Town,Phase 7,,,,,,pending,55050000,,28270000,52790000,pending,possession_ready,not_verified,available,,2026-04-11 13:05:19
d0569e00-8538-4135-b276-a29496b094d0,residential_plot,rent,Sq Yd,3983,Peshawar,Hayatabad,Hayatabad,Phase 2,A,833,,,,,,185000,,,,under_development,not_verified,available,294d5dfe-8645-4cad-9bb6-99f3e0e0fb8d,2026-05-16 10:31:22
7c68ac7d-cec8-40ac-9311-c4041305e637,residential_plot,sale,Sq Yd,2110,Lahore,Gulberg,Gulberg,Phase 4,,181,,,,pending,27800000,,18430000,28450000,,under_development,transfer_complete,sold,,2026-08-10 16:56:08
acf70e3c-ba48-4a77-90a0-02fa4c44388b,residential_plot,sale,Sq Ft,970,Karachi,Clifton,Clifton,,B,429,,,,,17750000,,9510000,19200000,pending,file_only,noc_verified,available,7f0ef67e-5624-4cba-8573-34cee14bd2f5,2026-05-18 08:53:09
4e8cb300-b70b-4c74-8b14-2f969ed81dcc,residential_plot,sale,Marla,14,Lahore,Valencia Town,Valencia Town,Phase 4,A,302,,,,paid,5500000,,3810000,5750000,,under_development,fard_checked,available,9a817c2f-26eb-4491-8f19-02794f1aac6a,2025-09-26 15:39:29
9ecd4dcd-ecb6-4fc6-9cc3-9d3427259568,apartment,sale,Kanal,4,Islamabad,Bahria Town Islamabad,Bahria Town Islamabad,,,,,,,paid,29450000,,16450000,29200000,pending,possession_ready,not_verified,available,363fc2a8-af2b-462a-bd05-cf1858e2af80,2026-02-12 12:27:25
5e8c5e4a-3e9a-426a-82ad-8e9d8dd3f5ea,file,sale,Kanal,3,Rawalpindi,Chaklala Scheme 3,Chaklala Scheme 3,Phase 7,H,192,F-10498,open,delayed,pending,12350000,,6560000,13010000,pending,file_only,not_verified,sold,ca74bea4-e2a1-48dc-b377-c0ae07e7bf52,2026-01-03 10:29:02
7df42a89-3d4b-447e-8003-0aee185670c8,residential_plot,sale,Kanal,1,Karachi,DHA Karachi,DHA Karachi,,H,421,,,,,42900000,,32720000,44150000,pending,constructed,fard_checked,available,8303c920-c8f8-434f-b6ba-caffb334e899,2025-11-04 20:03:31
e83a932e-2253-4977-bd21-c1c1cd01f29f,residential_plot,sale,Sq Yd,2179,Lahore,Johar Town,Johar Town,Phase 3,B,655,,,,paid,47650000,,26760000,53210000,,possession_ready,fard_checked,available,699b8462-8cfc-4baf-805f-83bfbedd8683,2026-02-18 20:28:47
53444038-7135-4cb5-a2ec-ee52df8ab39a,agricultural,sale,Kanal,4,Karachi,North Nazimabad,North Nazimabad,,F,701,,,,paid,30150000,,21390000,32860000,,possession_ready,not_verified,available,,2026-01-27 13:05:44
a41861cb-f97f-4dca-a929-02f3141efdf7,residential_plot,sale,Marla,6,Lahore,Bahria Town Lahore,Bahria Town Lahore,,,738,,,,,21800000,,11440000,24500000,pending,possession_ready,not_verified,available,0f384f25-ba51-4210-971f-81ea25121aff,2026-07-15 13:28:35
60a8e59a-300d-4d93-a592-162daf4477ff,house,sale,Sq Yd,1511,Multan,Model Town Multan,Model Town Multan,Phase 8,,,,,,,19400000,,15420000,18770000,,under_development,noc_verified,token_taken,8bfc5cc1-0bdb-48ee-a673-239d3e50a324,2026-02-07 12:16:22
762c51ad-5430-46e7-9668-dfc44e90a54c,residential_plot,sale,Sq Yd,520,Islamabad,F-11,F-11,,C,713,,,,pending,49850000,,39620000,55630000,pending,under_development,not_verified,available,,2025-12-01 20:18:23
21e9ce0e-3e56-4185-9292-c667b62f2949,apartment,sale,Marla,6,Karachi,DHA Karachi,DHA Karachi,Phase 9,A,,,,,paid,28100000,,18920000,30830000,,under_development,registry_pending,available,,2025-12-08 19:22:02
e039909b-06ff-49b4-a0d6-ffcca1d574fb,apartment,rent,Kanal,3,Faisalabad,Jinnah Colony,Jinnah Colony,,,,,,,pending,,40000,,,pending,constructed,transfer_complete,available,cf6d928e-ced5-4277-930e-858ef2c8281e,2026-06-13 13:24:54
71669219-79c2-473e-9052-78aa89ad740d,residential_plot,sale,Sq Ft,3398,Lahore,Bahria Town Lahore,Bahria Town Lahore,,,227,,,,,22250000,,13070000,24060000,paid,possession_ready,registry_pending,rented,,2025-10-20 13:29:11
4504b6ff-06fe-4ded-bcf1-3556fde389c3,file,sale,Kanal,3,Lahore,Bahria Town Lahore,Bahria Town Lahore,,,110,F-11488,ballot,on schedule,pending,43250000,,23860000,44350000,paid,under_development,not_verified,sold,f85c3e37-f2ba-450f-a3f5-bbffb75fc6dd,2025-12-23 20:51:24
c89b9f64-1e1d-4500-b072-d8af7469e174,apartment,rent,Marla,15,Lahore,Askari 10,Askari 10,Phase 4,F,,,,,,,120000,,,paid,possession_ready,fard_checked,sold,c9900f0f-640e-4ba1-93ce-f9e2f5c1b534,2025-10-21 13:08:24
61445fda-972f-4c19-8487-80c5c99da2e1,file,sale,Sq Ft,3842,Gujranwala,Satellite Town,Satellite Town,Phase 3,E,142,F-33923,open,delayed,pending,35650000,,25910000,34750000,pending,under_development,fard_checked,available,0f84b6d6-2d04-48e7-9d04-2ee40a7f92ed,2026-05-17 18:34:07
66f730b4-a247-4464-af19-ba120f55c3fb,agricultural,sale,Marla,6,Lahore,DHA Lahore,DHA Lahore,Phase 2,B,658,,,,pending,47750000,,31600000,54490000,,under_development,registry_pending,available,6d42ec1c-3c97-4aa4-af73-e035b02d71f7,2026-07-03 09:47:08
d30f2485-24a0-4b4a-bf5e-accf7212c86a,agricultural,sale,Marla,15,Lahore,Johar Town,Johar Town,,D,579,,,,pending,52250000,,33480000,55390000,,under_development,not_verified,available,3f6d0d89-5260-4431-8c15-090c7f1b7589,2025-08-18 16:41:07
fd967333-3a14-44ac-ac8c-6f9a8e057a41,apartment,sale,Marla,7,Islamabad,F-10,F-10,Phase 2,A,,,,,,46900000,,33680000,52420000,pending,possession_ready,fard_checked,token_taken,2385e275-3684-4148-a74d-7819e3f7f708,2025-09-28 16:48:57
14dd036a-3b4d-4def-9f32-c7ce1c9f1add,residential_plot,rent,Marla,19,Faisalabad,Jinnah Colony,Jinnah Colony,Phase 6,B,115,,,,paid,,35000,,,pending,file_only,not_verified,sold,,2026-08-19 14:42:49
cf88aa91-e712-4d38-b556-557b36fe9a93,house,sale,Sq Yd,3541,Lahore,Model Town,Model Town,Phase 1,E,,,,,pending,16600000,,12500000,17220000,pending,file_only,not_verified,sold,421f4539-bf92-4c3d-a8be-b8fd852b5fdc,2026-06-18 15:48:47
a97ede91-fea2-4545-82cb-17297e10532e,apartment,sale,Marla,10,Karachi,Askari 5,Askari 5,,A,,,,,paid,42500000,,22420000,47020000,paid,file_only,noc_verified,token_taken,,2026-03-02 11:22:30
750a1e5f-0d2d-4b81-89fd-2be22628fd28,residential_plot,rent,Sq Yd,2639,Sialkot,Cantt,Cantt,Phase 3,G,873,,,,,,175000,,,paid,possession_ready,noc_verified,available,d2977fc2-7a79-4b0d-a5de-287abc554ab6,2025-08-07 20:20:28
f00dee93-7ef8-43f8-8db0-0985fe2560e1,residential_plot,sale,Kanal,3,Karachi,Gulshan-e-Iqbal,Gulshan-e-Iqbal,Phase 3,,527,,,,pending,5100000,,3570000,5020000,,constructed,transfer_complete,rented,481a75d6-34a3-43f5-8107-57004b55fd3a,2026-01-08 08:33:33
88b88bd3-4972-4ce2-b503-82d67df59c4a,agricultural,rent,Marla,6,Lahore,Askari 10,Askari 10,Phase 4,A,677,,,,paid,,55000,,,paid,under_development,not_verified,sold,6c75b565-ca97-4ecd-a75d-d0e97b94bab1,2025-12-10 09:28:46
d3472d4a-b673-4dcd-b119-2c8ebdb5f46c,residential_plot,sale,Marla,5,Lahore,DHA Lahore,DHA Lahore,Phase 1,,608,,,,,11650000,,7320000,12470000,,possession_ready,noc_verified,sold,,2026-04-06 19:27:49
9d3da264-308f-4472-b716-6faff9271368,house,sale,Sq Yd,3565,Faisalabad,Wapda City,Wapda City,Phase 4,D,,,,,pending,39250000,,26480000,43310000,,file_only,noc_verified,rented,,2026-07-06 16:48:00
82a3c489-9be0-4b75-b7ba-1962b0787980,house,rent,Kanal,4,Lahore,Wapda Town,Wapda Town,,,,,,,pending,,70000,,,pending,under_development,fard_checked,available,f24dbc9b-d721-4863-a336-12f8ab186836,2026-05-23 21:58:54
7f62fa10-98ee-40ea-a9ce-ee2b4b9de70f,house,rent,Marla,16,Rawalpindi,Bahria Town Rawalpindi,Bahria Town Rawalpindi,,,,,,,paid,,95000,,,,constructed,registry_pending,available,232b0bbc-2153-4df9-9173-7519c99c12e5,2026-06-29 13:23:01
03050239-d9bd-4376-930f-e5d6f2937b5a,apartment,rent,Kanal,1,Islamabad,DHA Islamabad,DHA Islamabad,Phase 1,,,,,,paid,,85000,,,,under_development,not_verified,sold,,2025-08-12 10:31:44
c63e13b5-721c-4825-8caa-039c6f514d10,commercial,sale,Sq Ft,802,Islamabad,F-10,F-10,,,224,,,,,21400000,,11580000,24170000,,under_development,noc_verified,available,,2025-12-07 11:47:56
5ba71510-0180-4096-8dd1-70622ea9c6c3,apartment,sale,Kanal,2,Lahore,Askari 10,Askari 10,Phase 6,B,,,,,pending,3750000,,2650000,4020000,pending,possession_ready,not_verified,token_taken,dfc9f393-28b8-4cde-a710-a6a604d77434,2026-01-16 18:57:15
3767b463-cf98-4cde-a66e-098a812e062c,apartment,sale,Sq Ft,2958,Faisalabad,Madina Town,Madina Town,,F,,,,,pending,37900000,,19400000,42860000,paid,under_development,not_verified,available,,2026-03-10 19:42:12
4a3a9759-c8e9-4f32-8864-0847f4cf254b,commercial,sale,Sq Ft,1514,Lahore,Model Town,Model Town,Phase 3,,781,,,,pending,3000000,,2350000,3240000,,under_development,fard_checked,sold,,2025-08-24 18:27:52
e4360fa8-6f7d-4c89-827e-d0570df02551,apartment,sale,Kanal,4,Karachi,North Nazimabad,North Nazimabad,Phase 8,A,,,,,pending,14000000,,9710000,14010000,,under_development,transfer_complete,available,,2026-06-16 16:14:17
54f5d242-b94d-40b6-9509-f9ec739b4bfc,house,sale,Sq Ft,2457,Islamabad,Bahria Town Islamabad,Bahria Town Islamabad,Phase 5,,,,,,,39100000,,24450000,43710000,paid,file_only,fard_checked,rented,,2026-06-18 08:44:38
0729a1eb-eb07-4c49-9d81-27997c49b0fe,file,rent,Marla,11,Lahore,Johar Town,Johar Town,Phase 7,G,214,F-69113,closed,on schedule,paid,,60000,,,paid,possession_ready,not_verified,available,ea72abd5-76d3-4288-a628-16203be1af2c,2026-06-02 11:56:03
97b24cd1-c4ea-4e4e-acb4-30d318127c78,house,sale,Sq Ft,1600,Rawalpindi,Askari 14,Askari 14,,D,,,,,,24950000,,13560000,26090000,,under_development,fard_checked,available,,2026-04-04 20:14:37
fa1244e2-06d8-4013-b11e-4582171543c1,house,sale,Sq Ft,1578,Lahore,Askari 10,Askari 10,Phase 6,,,,,,pending,15150000,,9910000,15380000,pending,under_development,transfer_complete,available,,2026-03-24 09:02:20
16090ad0-7606-4ee7-bb78-401943f66886,apartment,rent,Marla,3,Bahawalpur,Shadra Town,Shadra Town,,F,,,,,,,165000,,,pending,under_development,registry_pending,available,5bbe548f-25e1-45f3-af39-97ae820b8c11,2026-05-16 18:39:34
ceeb9bd4-7ff9-431a-87fb-09d00a6a985f,file,sale,Marla,4,Lahore,Wapda Town,Wapda Town,,C,584,F-22446,ballot,on schedule,pending,12400000,,8710000,12380000,paid,possession_ready,not_verified,available,,2025-10-27 12:24:11
9c9612ed-0e75-49e5-8979-666b77baeb54,agricultural,sale,Marla,4,Islamabad,G-11,G-11,,F,811,,,,paid,34550000,,24110000,39000000,,possession_ready,fard_checked,available,5ab13d8b-c9f8-40d9-bfc7-dc482073e3af,2026-08-20 10:52:42
e7b0c10a-2e15-473e-b094-bb865cc7622f,apartment,sale,Marla,8,Peshawar,DHA Peshawar,DHA Peshawar,Phase 5,B,,,,,paid,13750000,,10190000,14080000,pending,possession_ready,not_verified,available,812c9b7a-64e9-47dc-b6d4-4a71dd2f3afd,2026-04-29 16:15:30
9130e10f-ecb9-4327-b86e-a99f21e855d3,house,rent,Kanal,1,Karachi,Clifton,Clifton,,,,,,,,,175000,,,,file_only,fard_checked,suspended,,2025-11-26 18:10:16
5be5d25f-ec5f-42d9-b4e8-2ebcd38e81bd,residential_plot,sale,Marla,9,Karachi,Clifton,Clifton,Phase 8,E,241,,,,,14200000,,10070000,14140000,,file_only,fard_checked,token_taken,574ecc76-46e0-41a7-9d34-81a625fb0aae,2026-07-04 09:25:56
692a73d8-8f21-4767-a5ec-9c4da547f86a,house,rent,Marla,5,Faisalabad,Jinnah Colony,Jinnah Colony,,D,,,,,,,50000,,,paid,file_only,registry_pending,rented,6d7ad5cb-0dda-4f93-b488-e6feb110ee7a,2026-06-01 20:13:04
8b1f670f-0b0e-4152-94db-fb3f48df44e0,commercial,sale,Sq Ft,1559,Lahore,Wapda Town,Wapda Town,Phase 4,H,320,,,,,13050000,,8010000,13990000,paid,file_only,noc_verified,sold,6e886e84-ff95-4261-a741-189bd1e16623,2026-03-16 14:12:01
8b12c6ab-1541-4417-ba20-c9c4b2a0f257,house,sale,Sq Ft,3473,Rawalpindi,Bahria Town Rawalpindi,Bahria Town Rawalpindi,,H,,,,,paid,51400000,,30270000,56530000,pending,under_development,noc_verified,available,8b524916-2321-4f72-9c19-cd62312f1f05,2026-05-21 09:49:17
abb58fe0-304d-45ee-bf5e-b5f18ae3f990,apartment,sale,Sq Ft,2412,Karachi,Clifton,Clifton,,,,,,,,5650000,,3700000,6250000,pending,possession_ready,not_verified,available,,2026-04-14 08:44:42
db668ecd-a5ad-4165-baac-7d77c4fd1a95,residential_plot,rent,Sq Ft,1129,Islamabad,F-11,F-11,,B,103,,,,,,70000,,,paid,possession_ready,not_verified,sold,,2025-08-23 15:30:53
7c1c1fe6-00c5-4819-ad16-ddfca43093b4,apartment,sale,Marla,10,Faisalabad,Madina Town,Madina Town,,,,,,,pending,17450000,,9750000,17400000,paid,under_development,fard_checked,available,,2026-07-18 20:06:58
e952fe16-bf63-4b9a-94e3-c86771d5c63b,agricultural,sale,Sq Ft,1677,Sialkot,Model Town Sialkot,Model Town Sialkot,,,491,,,,paid,9950000,,6130000,10300000,paid,file_only,registry_pending,available,,2026-07-13 16:57:39
faffac32-b245-4150-813e-59c350ab8cdd,house,sale,Kanal,3,Lahore,Johar Town,Johar Town,,H,,,,,,32300000,,23960000,30990000,pending,possession_ready,fard_checked,available,d17eda11-4a3c-47de-8248-db0302097446,2026-01-22 15:36:15
eb096928-a282-40c9-9557-c42dd343513f,residential_plot,sale,Kanal,1,Bahawalpur,Shadra Town,Shadra Town,Phase 7,,319,,,,,19250000,,10070000,21180000,,constructed,registry_pending,token_taken,,2026-08-18 11:12:21
ee42b624-7a5e-4a9a-a0ca-f9a220f35d55,commercial,rent,Sq Ft,747,Islamabad,Bahria Town Islamabad,Bahria Town Islamabad,Phase 6,,531,,,,paid,,270000,,,pending,under_development,registry_pending,sold,e7ce7771-4fda-4994-a8fa-82f149fb6ecf,2025-11-28 20:31:18
e5a93263-d380-4730-8580-45b5a995e4ff,residential_plot,sale,Marla,13,Islamabad,F-10,F-10,Phase 8,,383,,,,,13100000,,8420000,14130000,pending,file_only,not_verified,available,4e7cd01a-c37e-4d6a-bf14-da1f3b6d3712,2026-05-04 14:36:12
a67be166-debb-4605-8b5d-e178ea30b474,apartment,sale,Marla,7,Lahore,Gulberg,Gulberg,Phase 1,,,,,,,3850000,,2190000,4400000,pending,under_development,registry_pending,sold,,2026-08-15 19:34:45
29b4261d-4a4e-4781-bcdb-34e85b346fe6,residential_plot,rent,Sq Yd,2962,Lahore,Gulberg,Gulberg,Phase 9,D,627,,,,,,20000,,,,possession_ready,fard_checked,available,9c32700f-9b27-47be-9f25-880c6007d884,2026-05-23 18:09:49
8669ec09-3a1e-4d2c-89a8-45ce1105cc55,house,sale,Sq Ft,3119,Lahore,Wapda Town,Wapda Town,Phase 9,D,,,,,,38650000,,25750000,37170000,paid,under_development,fard_checked,sold,,2026-06-30 10:26:06
72ff0547-267f-40bd-9faf-f1a11c1abe76,house,rent,Sq Ft,3302,Karachi,DHA Karachi,DHA Karachi,Phase 4,F,,,,,,,220000,,,,constructed,fard_checked,available,,2026-01-29 12:17:20
0b105ae3-89a8-4b99-819c-6160d27b0daa,house,sale,Kanal,4,Lahore,Wapda Town,Wapda Town,Phase 1,E,,,,,,32250000,,22720000,31980000,paid,possession_ready,not_verified,available,,2026-07-09 21:43:11
347f4219-5f1d-4b2c-9389-c1191a65569d,house,rent,Marla,4,Karachi,PECHS,PECHS,Phase 9,H,,,,,paid,,180000,,,,file_only,noc_verified,available,,2025-12-14 08:19:07
f9c77dc8-d7de-4dcd-a0a7-42be83ea132d,file,rent,Marla,9,Karachi,DHA Karachi,DHA Karachi,,,130,F-83611,closed,completed,pending,,130000,,,,file_only,noc_verified,available,b5cfd5ec-61f8-4a79-b528-3388014c4dff,2025-11-08 14:05:30
15f635ca-4149-4241-ad0a-cc7c0b23bb23,residential_plot,rent,Sq Yd,2942,Lahore,DHA Lahore,DHA Lahore,,,953,,,,pending,,225000,,,paid,possession_ready,noc_verified,available,,2026-07-20 09:24:45
d712362a-b43b-431b-b25a-08c7b6b35c28,house,rent,Sq Yd,2839,Lahore,Askari 10,Askari 10,,,,,,,,,25000,,,paid,possession_ready,fard_checked,available,f58bf36e-969c-43a9-8a23-d73ec0cb7a84,2025-08-21 21:51:43
ea78c70f-1c61-4462-be46-d4fbf4322ecf,commercial,rent,Sq Ft,3901,Islamabad,Bani Gala,Bani Gala,Phase 1,F,972,,,,pending,,65000,,,,possession_ready,noc_verified,available,bee02dca-0c42-4897-8f65-71b5168b3ab1,2026-07-18 09:31:41
59d4ac60-6707-45e1-8eb2-276e20627902,commercial,sale,Sq Ft,3350,Rawalpindi,Bahria Town Rawalpindi,Bahria Town Rawalpindi,,,533,,,,,59050000,,34790000,67480000,,under_development,transfer_complete,available,,2025-08-28 12:57:40
f979c684-9f63-401f-98d9-e9492d1bddde,residential_plot,sale,Kanal,3,Sialkot,Model Town Sialkot,Model Town Sialkot,,,91,,,,,59350000,,39570000,59790000,pending,possession_ready,fard_checked,available,fae620cb-c741-483d-aa5f-df92b75fdc16,2026-05-03 16:51:12
a62cc4f9-924b-4bd2-82e1-df1c3cc40470,apartment,sale,Kanal,1,Sialkot,Cantt,Cantt,Phase 5,D,,,,,pending,42950000,,25460000,45700000,paid,possession_ready,registry_pending,available,5ab13d8b-c9f8-40d9-bfc7-dc482073e3af,2026-04-13 11:03:10
1ec75161-7fa3-4f60-b8d9-6aa1ba35c9fc,house,sale,Kanal,2,Peshawar,DHA Peshawar,DHA Peshawar,,A,,,,,,3200000,,2270000,3080000,,file_only,not_verified,available,f58bf36e-969c-43a9-8a23-d73ec0cb7a84,2025-11-30 09:19:45
0ace3c17-b258-4e0c-a6e5-58bbf91cfa90,file,sale,Sq Yd,2606,Islamabad,G-11,G-11,Phase 6,,844,F-10712,closed,on schedule,,49900000,,27500000,47750000,,under_development,registry_pending,rented,698e9ac3-4525-4d70-b2b9-f38e8b9416bc,2026-07-15 11:35:28
7c6ed63f-5d3c-4700-9db3-fd991cad1e5f,residential_plot,sale,Sq Yd,3582,Karachi,DHA Karachi,DHA Karachi,Phase 2,G,147,,,,,11150000,,6110000,10660000,,possession_ready,not_verified,available,dd2d9276-b17b-4ec6-9790-114248b796e0,2026-08-12 14:59:18
948424c8-1472-40fb-a70d-c8643aa2bfb5,residential_plot,sale,Sq Ft,3150,Rawalpindi,Bahria Town Rawalpindi,Bahria Town Rawalpindi,,F,135,,,,pending,34000000,,17550000,37600000,pending,possession_ready,noc_verified,rented,461cdee4-1217-4aba-b20b-14cdd34cdd36,2025-08-13 08:35:20
ea477300-6677-42be-85e6-efc5d16af4df,apartment,sale,Sq Yd,3624,Lahore,DHA Lahore,DHA Lahore,Phase 8,,,,,,,48300000,,30800000,51700000,pending,possession_ready,transfer_complete,suspended,,2026-04-19 21:41:24
5af738c4-970e-4216-8ec4-e716f003928f,apartment,sale,Sq Ft,3021,Multan,Model Town Multan,Model Town Multan,Phase 1,,,,,,paid,29450000,,23140000,32600000,,under_development,noc_verified,token_taken,db3fa773-bada-4dd9-83a8-cfab49720142,2026-08-01 15:16:44
be0c07f6-b3ca-4719-986e-cda946b966b1,residential_plot,sale,Kanal,4,Sialkot,Cantt,Cantt,Phase 7,F,812,,,,,10400000,,6610000,11580000,pending,constructed,fard_checked,available,68c1134a-8cb6-4615-96af-5d39df15eb91,2026-06-04 18:29:12
267268e6-0328-4ce1-9f98-2f9b27317790,residential_plot,rent,Kanal,4,Lahore,Johar Town,Johar Town,,,700,,,,pending,,135000,,,paid,under_development,registry_pending,available,5bbe548f-25e1-45f3-af39-97ae820b8c11,2026-03-08 14:45:55
b1791be2-ff36-4bd3-bed4-05405c11af77,house,sale,Sq Yd,1287,Islamabad,F-10,F-10,,F,,,,,paid,13000000,,8630000,14020000,,possession_ready,registry_pending,token_taken,81ef4c20-3df9-4680-b8a9-e26140949bd6,2025-09-08 19:26:39
4ae85ff5-c10f-449c-b620-7e323cdbbb93,apartment,sale,Marla,8,Lahore,Wapda Town,Wapda Town,Phase 4,,,,,,pending,39550000,,30180000,42890000,,possession_ready,fard_checked,suspended,61dbaa97-7107-4a48-988a-df046188b3ff,2025-08-02 19:00:07
18e29259-2cb8-4021-b886-6ffab061edf1,apartment,sale,Marla,6,Faisalabad,Madina Town,Madina Town,Phase 8,,,,,,paid,52250000,,36950000,51010000,paid,constructed,not_verified,available,340ba938-c318-4eb6-9071-7a799cc96f09,2026-02-04 19:59:16
313c4f86-c50e-4f93-8de5-8879dfa5956a,file,sale,Marla,19,Rawalpindi,Askari 14,Askari 14,,,623,F-71579,closed,completed,,6550000,,3960000,6400000,pending,possession_ready,noc_verified,token_taken,,2026-08-19 08:30:36
105e17b5-a35b-4c46-9eb5-b87cb9817457,house,sale,Marla,17,Karachi,PECHS,PECHS,Phase 3,,,,,,,18950000,,14850000,19840000,pending,possession_ready,not_verified,sold,,2026-07-12 21:38:16
2488818c-e4a3-4ea3-a5c0-e5632be74aa6,residential_plot,rent,Sq Ft,850,Rawalpindi,Chaklala Scheme 3,Chaklala Scheme 3,,,701,,,,,,175000,,,paid,under_development,fard_checked,available,0f384f25-ba51-4210-971f-81ea25121aff,2025-10-30 13:20:08
a684a8e4-f25b-4381-87ef-773d489ed3c7,residential_plot,sale,Kanal,2,Faisalabad,Madina Town,Madina Town,,A,670,,,,,38950000,,22630000,40240000,paid,file_only,noc_verified,suspended,a3f8cd3e-4f75-4e46-8eec-3b1c8e72f22b,2026-06-26 19:17:54
017a33b4-ee96-4a98-b72b-420d366b1bce,apartment,sale,Marla,17,Rawalpindi,Chaklala Scheme 3,Chaklala Scheme 3,,,,,,,pending,29800000,,20300000,32930000,paid,possession_ready,not_verified,token_taken,481a75d6-34a3-43f5-8107-57004b55fd3a,2026-06-03 10:14:08
1e603357-3dfd-4d11-98dd-121ee8885d01,residential_plot,sale,Sq Yd,3208,Karachi,Bahria Town Karachi,Bahria Town Karachi,,,589,,,,paid,20150000,,14660000,20850000,pending,under_development,noc_verified,available,6d583fe9-651c-43f5-af5d-9a13b99871cd,2026-08-16 21:33:25
a6988481-8648-403f-bbe3-736416390995,apartment,rent,Kanal,2,Islamabad,DHA Islamabad,DHA Islamabad,Phase 9,E,,,,,,,35000,,,pending,file_only,registry_pending,rented,,2025-10-04 08:30:05
ea00088d-e790-4d72-a2c9-991b04383b1d,house,sale,Marla,6,Rawalpindi,Askari 14,Askari 14,,G,,,,,pending,28300000,,22330000,32310000,pending,possession_ready,registry_pending,available,792c91ae-0f49-4c8d-8c5a-edadab0f5d5d,2025-12-24 20:07:37
f9d5ebb0-f692-4525-b950-e5aa2996a69c,house,rent,Marla,4,Islamabad,F-10,F-10,,G,,,,,pending,,295000,,,,constructed,registry_pending,sold,d1dddb4a-67da-4fe6-ab9a-f423d700091e,2025-12-16 15:54:10
6e21f525-3f06-411d-9fce-1fbf2030eda4,house,sale,Kanal,3,Islamabad,DHA Islamabad,DHA Islamabad,Phase 1,,,,,,,9000000,,6960000,9690000,pending,possession_ready,transfer_complete,available,75ab8466-52cc-4cc8-8a11-01c182f49c40,2025-09-09 15:10:23
3fbb7fd7-1f13-4d84-9901-73b1a5388c91,residential_plot,sale,Marla,19,Islamabad,DHA Islamabad,DHA Islamabad,,,10,,,,paid,22400000,,12010000,24610000,,constructed,fard_checked,available,e2ccf0cc-45e2-4dd8-a365-9adb43fe94b8,2026-04-17 18:15:33
bd58db9f-9b40-4bea-80af-38ede35e3d84,apartment,sale,Marla,13,Lahore,Wapda Town,Wapda Town,,E,,,,,paid,3750000,,2240000,3750000,paid,under_development,fard_checked,available,f85c3e37-f2ba-450f-a3f5-bbffb75fc6dd,2025-12-22 16:16:54
8e115db9-0b97-4247-b910-60fb4778896c,file,sale,Sq Yd,3421,Lahore,Gulberg,Gulberg,Phase 2,,876,F-89310,transfer,on schedule,,6800000,,4000000,7770000,pending,constructed,fard_checked,suspended,6d42ec1c-3c97-4aa4-af73-e035b02d71f7,2026-05-08 15:42:59
069e3583-f08c-43e0-8cfa-88faa3d43925,apartment,rent,Kanal,4,Islamabad,G-10,G-10,Phase 6,A,,,,,pending,,185000,,,paid,under_development,transfer_complete,available,18f5dd19-ac97-4357-a78d-ab781c911a1d,2026-01-28 13:16:22
b73c40a3-7204-4ab5-b40a-2fda84a7641c,apartment,sale,Kanal,3,Karachi,North Nazimabad,North Nazimabad,Phase 1,F,,,,,,3000000,,1920000,3350000,pending,file_only,noc_verified,available,,2025-08-30 16:17:45
92cb9c37-47af-4ecc-89f8-bd084b491dbc,apartment,sale,Marla,10,Faisalabad,Wapda City,Wapda City,,B,,,,,,6050000,,3110000,6260000,paid,under_development,fard_checked,token_taken,92955e3c-ae13-4311-862a-db1d1800b0e1,2025-10-04 18:45:43
238adfc5-0d30-4f7c-9423-fb61a72c1346,file,sale,Sq Yd,2458,Lahore,Askari 10,Askari 10,Phase 5,B,225,F-26665,closed,delayed,,33950000,,26270000,32910000,,possession_ready,not_verified,available,232b0bbc-2153-4df9-9173-7519c99c12e5,2026-03-19 13:17:09
c89f2df1-8c2e-4c32-8fda-9d6e7f43940a,house,sale,Sq Yd,705,Islamabad,Bahria Town Islamabad,Bahria Town Islamabad,Phase 9,A,,,,,,21650000,,10850000,22050000,,constructed,fard_checked,available,87a8554e-ad41-4c95-abec-7991e1e00665,2025-09-30 13:21:09
c5bb21b1-4988-46a5-bd90-493fad2c2c81,house,sale,Marla,6,Lahore,Valencia Town,Valencia Town,,,,,,,,12950000,,8760000,12950000,paid,file_only,noc_verified,available,7b53062f-948d-4391-91f4-991edcc1d0d0,2026-07-14 08:58:11
5d29d2dd-b51c-41bc-8872-fc893239e82b,residential_plot,rent,Kanal,3,Rawalpindi,DHA Rawalpindi,DHA Rawalpindi,,,403,,,,,,35000,,,paid,file_only,fard_checked,available,,2026-06-28 20:45:09
880d42b9-f92a-4806-9ebe-478c061f6ffd,file,sale,Marla,15,Lahore,DHA Lahore,DHA Lahore,Phase 6,D,704,F-38932,ballot,completed,,3050000,,2130000,3250000,paid,file_only,fard_checked,token_taken,f51b7bcc-07ad-48cf-8dc8-5279a080815b,2026-08-20 12:13:45
e11420ee-514e-4d8f-83e3-823b3571c8cf,apartment,rent,Sq Ft,3514,Lahore,Model Town,Model Town,Phase 7,,,,,,,,95000,,,,constructed,not_verified,available,272090d8-a408-40f1-a9eb-aa2df0b38b7e,2026-03-18 21:02:44
9cf1097f-e4f8-4d69-9f1e-79ae7db96d14,apartment,sale,Sq Ft,2868,Karachi,Gulshan-e-Iqbal,Gulshan-e-Iqbal,,E,,,,,pending,44800000,,28620000,43610000,,possession_ready,registry_pending,available,,2025-12-20 19:12:40
3256bc26-e559-41a3-959a-6c620ed2b127,agricultural,sale,Marla,5,Karachi,North Nazimabad,North Nazimabad,,B,9,,,,pending,51950000,,32770000,57010000,,under_development,noc_verified,available,,2025-08-04 09:16:07
82b3d75e-0b68-4a0b-bd04-f0a97c543f24,residential_plot,sale,Sq Ft,3931,Karachi,Clifton,Clifton,,,716,,,,,11800000,,6810000,12710000,paid,possession_ready,not_verified,sold,861d529d-6f60-4501-8f46-64546f49e641,2026-03-09 13:35:54
2bfcd8fa-cfbc-4f81-ab75-9feb6edcfcc1,apartment,rent,Kanal,2,Karachi,Askari 5,Askari 5,,C,,,,,paid,,20000,,,pending,possession_ready,fard_checked,available,fd76d611-3823-4c2b-8ce3-3df842235131,2026-01-01 10:54:57
045d2956-47ec-45d2-b39d-406d72ede11f,residential_plot,sale,Sq Ft,3884,Lahore,Askari 10,Askari 10,,,457,,,,pending,10300000,,6310000,11830000,pending,file_only,not_verified,available,41716455-62dd-4da6-a768-7fa3fe794897,2025-12-12 10:20:36
ea851ff0-f3be-4c62-9ec2-05186f6eb210,house,sale,Sq Yd,3096,Lahore,Wapda Town,Wapda Town,,,,,,,,10600000,,5490000,10130000,,constructed,not_verified,available,b80669e2-471b-41fe-8ffa-1f91f746ed2b,2026-07-20 18:42:56
08f993c0-c7ba-47ad-839d-3bc2aa80814b,residential_plot,sale,Marla,17,Karachi,PECHS,PECHS,Phase 2,,911,,,,paid,3500000,,2490000,3940000,pending,possession_ready,fard_checked,rented,792c91ae-0f49-4c8d-8c5a-edadab0f5d5d,2026-04-30 14:44:30
6dc087fb-6f22-4141-b34f-6fead249a6c9,residential_plot,sale,Sq Ft,528,Lahore,Gulberg,Gulberg,,,43,,,,pending,51550000,,36700000,56350000,,file_only,not_verified,rented,,2025-09-12 21:26:02
c5cd352e-b34d-461a-8802-e0826632b8c5,commercial,sale,Sq Ft,3876,Lahore,Gulberg,Gulberg,,C,497,,,,,20450000,,14500000,21110000,,file_only,fard_checked,suspended,,2026-01-16 21:26:57
6571e0cd-c1e5-4f53-9470-7c569d58b6dd,file,rent,Sq Ft,754,Lahore,Johar Town,Johar Town,Phase 1,B,534,F-43702,ballot,on schedule,,,55000,,,,possession_ready,noc_verified,available,4676cf94-1ee4-4898-a698-feeff34a5296,2026-03-20 21:55:03
530d6e1e-6f0b-49ba-8ecd-0dfdaa4527d0,commercial,sale,Sq Ft,680,Bahawalpur,Model Town Bahawalpur,Model Town Bahawalpur,Phase 4,C,660,,,,,27350000,,17130000,26670000,,under_development,noc_verified,sold,d1dddb4a-67da-4fe6-ab9a-f423d700091e,2025-11-22 13:02:11
8f1e8261-4f13-4974-bf0d-4149b235a721,residential_plot,rent,Kanal,2,Karachi,North Nazimabad,North Nazimabad,Phase 1,,430,,,,paid,,40000,,,,possession_ready,not_verified,available,90601887-5194-42f9-b81a-e75040115baf,2026-04-19 20:54:59
2d8d8f04-4899-4a58-9927-189fc7d02520,file,sale,Sq Yd,2495,Multan,Bosan Road,Bosan Road,,C,670,F-55801,transfer,delayed,,22550000,,13800000,24520000,,possession_ready,noc_verified,sold,,2025-08-07 15:47:32
2c2dfec2-4fe1-4e3e-bfd5-46f2e3e2ac0d,house,sale,Sq Ft,3882,Rawalpindi,DHA Rawalpindi,DHA Rawalpindi,Phase 8,,,,,,,52500000,,28280000,50900000,pending,possession_ready,not_verified,sold,,2025-10-03 19:28:24
9330eb91-1be5-4adc-a5eb-018de474793f,residential_plot,sale,Sq Yd,1271,Islamabad,Bahria Town Islamabad,Bahria Town Islamabad,,,908,,,,,13150000,,9960000,12750000,,file_only,not_verified,available,a461a578-1c1e-47da-a53e-a0e37c806cc0,2026-06-27 15:24:26
43722c2d-48fd-4cba-bb0e-58b35e6edd2b,house,sale,Sq Ft,1589,Lahore,DHA Lahore,DHA Lahore,Phase 2,B,,,,,,47000000,,28580000,46420000,paid,under_development,fard_checked,available,b9caad0c-d57d-449d-8593-5f6fffe01f44,2026-02-10 13:20:35
bc996999-8c8c-49b3-b3a1-b3ce8b7a4d8f,house,sale,Marla,17,Multan,Model Town Multan,Model Town Multan,Phase 7,F,,,,,,59500000,,39280000,61720000,,under_development,fard_checked,available,262303c2-7d49-4254-9244-e3e159288fea,2026-07-02 13:15:55
b9304e24-e78e-4dd1-8064-ed9ed499d902,residential_plot,sale,Marla,6,Lahore,Model Town,Model Town,,,705,,,,paid,45300000,,34610000,49200000,paid,file_only,not_verified,sold,f01b2504-ceae-4568-8929-68ac5df94ffb,2026-05-27 20:39:20
77c1ee6e-55d2-480c-b5d0-25e3f521115c,house,sale,Sq Ft,3226,Gujranwala,Model Town Gujranwala,Model Town Gujranwala,,G,,,,,,52650000,,33660000,55010000,pending,under_development,not_verified,available,b9caad0c-d57d-449d-8593-5f6fffe01f44,2025-12-19 14:24:41
09939c31-c245-41c4-bef0-499055b7c01d,commercial,sale,Sq Ft,589,Islamabad,F-11,F-11,Phase 8,D,470,,,,paid,10250000,,6430000,10330000,paid,under_development,registry_pending,rented,78545269-f8f0-4595-b9ab-510fb78501e5,2025-08-10 10:49:16
de85fc29-1d16-439d-93db-b2880130bd0b,house,sale,Sq Ft,2235,Lahore,Wapda Town,Wapda Town,,A,,,,,pending,26150000,,19420000,25390000,,file_only,fard_checked,sold,1c51c884-e8ab-40a5-bba9-cb1991ee1249,2026-04-27 20:21:32
f9789860-8a75-4659-adc6-1671c4d0a10d,residential_plot,sale,Kanal,1,Peshawar,University Town,University Town,Phase 8,,807,,,,paid,11350000,,6830000,12570000,pending,possession_ready,fard_checked,rented,,2025-07-26 20:51:26
03993955-b92b-4648-a252-ec7b89067b3d,apartment,sale,Sq Ft,1810,Faisalabad,Wapda City,Wapda City,Phase 3,H,,,,,pending,42950000,,26650000,45890000,,constructed,not_verified,available,6fdb47ce-96db-4aa6-b385-e3013d7323e3,2026-05-25 09:45:32
2c626416-8186-41ee-ac81-a529fda3def5,residential_plot,sale,Sq Ft,2234,Quetta,Cantt Quetta,Cantt Quetta,,B,260,,,,,13650000,,9640000,13200000,pending,file_only,transfer_complete,available,574ecc76-46e0-41a7-9d34-81a625fb0aae,2025-08-01 12:49:49
13c919a5-4907-4fe0-9a19-ad71b6624aff,house,sale,Sq Yd,2449,Faisalabad,Jinnah Colony,Jinnah Colony,,H,,,,,,41750000,,26900000,42180000,,possession_ready,not_verified,available,,2025-10-13 09:51:12
4da56d2d-8783-4379-bb98-dd577eec1b06,commercial,sale,Sq Ft,2396,Faisalabad,Madina Town,Madina Town,,,438,,,,pending,9150000,,7290000,8750000,,possession_ready,transfer_complete,available,5a96b9ce-c983-4c71-a74a-27018c449954,2026-01-30 14:54:04
3dabbda0-e1aa-40f6-a199-0ef13f2a1236,apartment,sale,Sq Ft,2052,Lahore,Johar Town,Johar Town,,,,,,,pending,22800000,,15130000,23610000,,file_only,not_verified,rented,0cc0152d-93fb-49ad-9a3e-7cd889b4d239,2026-01-30 08:56:02
505642a1-8888-4cde-b3ea-f736469f8941,commercial,sale,Sq Ft,3693,Karachi,DHA Karachi,DHA Karachi,,C,163,,,,,4650000,,2610000,4730000,pending,possession_ready,not_verified,available,,2025-11-14 12:20:43
ece81744-bb38-452d-86ae-ec75685664ca,residential_plot,sale,Marla,13,Faisalabad,Wapda City,Wapda City,Phase 4,A,278,,,,,54400000,,41590000,55600000,,possession_ready,fard_checked,sold,bd835216-ebc6-4eb6-820f-6ad6bdfab423,2025-08-27 11:06:32
e24784ea-dc18-4faf-b1d2-b7be85cdfc85,house,sale,Marla,9,Lahore,Model Town,Model Town,,H,,,,,,44150000,,27770000,45310000,paid,file_only,fard_checked,rented,,2026-07-09 12:22:36
dbfd0355-a9bb-476d-8c7c-b8ebdaad0299,house,rent,Sq Yd,2039,Islamabad,Bahria Town Islamabad,Bahria Town Islamabad,Phase 3,A,,,,,,,70000,,,,file_only,not_verified,sold,ca74bea4-e2a1-48dc-b377-c0ae07e7bf52,2026-07-16 13:57:51
952c4656-2014-4434-a7d6-a6f2f38239ba,house,sale,Sq Ft,3592,Karachi,Clifton,Clifton,Phase 2,,,,,,,11850000,,7320000,12120000,,possession_ready,not_verified,sold,318a6cba-59ab-401f-9634-aecd6d2759bc,2026-08-08 14:15:52
e4581972-ff78-4eb2-ba5d-505b93ef6377,residential_plot,sale,Sq Yd,3595,Lahore,Model Town,Model Town,,D,135,,,,pending,9050000,,5330000,9630000,pending,constructed,not_verified,token_taken,d5788623-ddbb-4368-b23a-926fe13295d5,2026-04-12 11:32:45
941d2deb-240e-4b32-a785-696c206f1c25,commercial,sale,Sq Ft,674,Karachi,Bahria Town Karachi,Bahria Town Karachi,,,707,,,,pending,35200000,,21920000,40090000,pending,under_development,noc_verified,available,,2025-08-31 20:54:20
16ee3df1-0e1c-4d17-87d2-b129854bd4f1,house,rent,Marla,19,Karachi,Clifton,Clifton,Phase 9,B,,,,,paid,,35000,,,,possession_ready,fard_checked,sold,7a246093-a2e3-47d8-951a-cc6c368dbbef,2025-08-18 14:07:08
84509371-a813-4b12-8d76-8f290894ff45,house,sale,Sq Ft,1073,Islamabad,G-11,G-11,Phase 1,G,,,,,pending,43650000,,32490000,50050000,paid,file_only,registry_pending,available,9c32700f-9b27-47be-9f25-880c6007d884,2026-06-24 13:40:45
ea5a79e9-4a5f-45d1-b43c-fdb4add74662,house,sale,Marla,20,Rawalpindi,Bahria Town Rawalpindi,Bahria Town Rawalpindi,Phase 7,B,,,,,,7550000,,5580000,7570000,,possession_ready,transfer_complete,available,9e721f70-8ee3-4425-a5d8-e6eacd98ec78,2026-07-25 14:18:54
0f080426-76c9-4e09-a5e7-56570c1595cb,residential_plot,sale,Sq Ft,1506,Lahore,Valencia Town,Valencia Town,,G,130,,,,pending,51400000,,34640000,53880000,pending,possession_ready,not_verified,available,,2025-12-08 21:45:31
9e33aead-d43f-49bb-b25c-6a98607a2b6a,commercial,rent,Sq Ft,1037,Karachi,North Nazimabad,North Nazimabad,,,920,,,,pending,,260000,,,,possession_ready,fard_checked,available,,2025-08-15 13:52:24
7c1b1a3e-0511-4902-a902-a2acc82b95d5,file,sale,Sq Ft,3890,Lahore,Model Town,Model Town,Phase 1,H,947,F-69202,transfer,on schedule,,3500000,,2260000,3530000,paid,under_development,noc_verified,rented,,2026-06-30 11:00:48
71029051-9aa2-402b-b053-bebb5e301068,residential_plot,sale,Marla,20,Sialkot,Model Town Sialkot,Model Town Sialkot,Phase 4,A,613,,,,,31050000,,17040000,30360000,pending,constructed,not_verified,available,fae620cb-c741-483d-aa5f-df92b75fdc16,2025-08-24 19:51:56
6eeec6aa-d158-4610-85ce-4855eb54b005,house,sale,Sq Ft,1497,Islamabad,G-10,G-10,Phase 3,A,,,,,,11500000,,6920000,12780000,,possession_ready,registry_pending,available,,2025-12-06 19:10:17
246151e0-dfee-4b23-80cd-78cf517b8d90,residential_plot,sale,Kanal,2,Karachi,DHA Karachi,DHA Karachi,,A,928,,,,pending,6550000,,4810000,6390000,,under_development,registry_pending,available,35406c5d-3be7-4be9-bfb6-b9667ddaa9b6,2026-05-29 21:09:05
e4f61ed8-9503-4c3c-8d8b-ba4f98157559,commercial,sale,Sq Ft,3486,Karachi,Clifton,Clifton,,,666,,,,,57850000,,41530000,58430000,pending,file_only,not_verified,sold,f24dbc9b-d721-4863-a336-12f8ab186836,2026-02-09 19:08:39
b1f613f3-b5cc-4173-9d95-3a44ed5ca95e,apartment,sale,Kanal,2,Peshawar,University Town,University Town,,C,,,,,,14550000,,8040000,14430000,paid,under_development,noc_verified,available,736a435d-141a-4aa2-8661-c5f443e4ad45,2026-06-22 10:24:03
5518c310-f85a-4b5d-a44e-2c49417f8ce7,residential_plot,rent,Kanal,3,Multan,Bosan Road,Bosan Road,,,318,,,,,,80000,,,,possession_ready,fard_checked,available,,2026-04-25 10:35:52
7a688385-ed3e-45f3-8994-b40ce9ea758d,residential_plot,sale,Sq Ft,1161,Lahore,Wapda Town,Wapda Town,Phase 4,,851,,,,pending,30550000,,18380000,32330000,paid,possession_ready,registry_pending,available,,2026-04-09 10:26:37
30b26698-7972-4d67-9b5e-5702d6ab0911,residential_plot,sale,Sq Yd,2029,Faisalabad,Jinnah Colony,Jinnah Colony,Phase 9,C,598,,,,pending,21850000,,15250000,21860000,,possession_ready,not_verified,token_taken,41336307-6123-4e5e-a27c-4e040f425040,2025-09-20 16:04:33
5b244ea5-ace8-438c-9778-dd3ba88bca54,house,sale,Kanal,2,Lahore,Bahria Town Lahore,Bahria Town Lahore,,F,,,,,,59800000,,37440000,65570000,,possession_ready,not_verified,available,ea72abd5-76d3-4288-a628-16203be1af2c,2026-06-14 13:25:03
4cfa1cef-983f-4774-991b-a6c517a2b6f4,file,sale,Kanal,4,Karachi,Bahria Town Karachi,Bahria Town Karachi,,,2,F-31926,closed,on schedule,paid,3100000,,1770000,3390000,pending,file_only,not_verified,available,,2026-08-20 16:16:55
750ab6bb-856a-48e6-b948-63ce382d7e95,house,sale,Kanal,4,Lahore,Gulberg,Gulberg,,,,,,,paid,3100000,,2060000,3410000,,possession_ready,fard_checked,available,,2026-06-29 19:08:00
6b1c65cd-800d-4a59-8fb8-bd36a6ac9475,house,rent,Kanal,4,Gujranwala,Satellite Town,Satellite Town,Phase 4,,,,,,paid,,210000,,,,file_only,noc_verified,available,5c3805e8-a6d2-4785-b59e-26e41f8937a7,2026-07-17 11:37:25
4fe47b74-0fcc-4399-98c6-9a48a29ab82c,house,sale,Sq Yd,966,Rawalpindi,Bahria Town Rawalpindi,Bahria Town Rawalpindi,Phase 1,,,,,,paid,3100000,,1860000,3470000,,possession_ready,not_verified,rented,,2026-08-19 16:05:54
0e11f5cc-d35b-4728-8840-3b9c3c417b50,house,sale,Sq Yd,3593,Karachi,Clifton,Clifton,Phase 4,,,,,,,20950000,,13260000,20910000,,file_only,not_verified,sold,,2025-11-30 17:23:10
422796fa-99fa-42b3-9b62-74d57a4a4609,residential_plot,sale,Sq Ft,2563,Lahore,Bahria Town Lahore,Bahria Town Lahore,,,23,,,,paid,4500000,,3570000,4620000,,file_only,fard_checked,available,20e32cdf-66ae-4a77-96f9-31c2c6769fdf,2026-07-02 16:38:42
8ecaec01-1fb9-48e8-8fae-638ced15b191,house,sale,Marla,11,Lahore,DHA Lahore,DHA Lahore,Phase 4,E,,,,,,36150000,,19270000,40550000,pending,file_only,not_verified,available,6dbacfa7-55a2-43a6-8e29-ec85c7072d23,2025-09-26 12:39:45
eb579be9-e57e-4089-a35a-38d879b9e590,house,rent,Kanal,2,Karachi,Bahria Town Karachi,Bahria Town Karachi,Phase 9,H,,,,,pending,,40000,,,paid,possession_ready,not_verified,available,,2026-01-09 20:33:50
77a2976d-7ea3-4281-afaf-5b512e66d52a,residential_plot,sale,Sq Yd,894,Lahore,Wapda Town,Wapda Town,Phase 6,C,549,,,,,27300000,,20480000,28970000,,possession_ready,transfer_complete,available,,2025-09-21 19:41:41
0fcf6e1b-f38a-41e7-a31e-fdf3d72d3959,apartment,sale,Sq Yd,685,Bahawalpur,Model Town Bahawalpur,Model Town Bahawalpur,Phase 3,H,,,,,,14600000,,8990000,16040000,,possession_ready,noc_verified,available,,2026-02-18 08:44:46
e509a61f-7ad5-40f9-b43b-afc4b54cddb3,agricultural,rent,Kanal,4,Lahore,Gulberg,Gulberg,Phase 9,D,960,,,,,,220000,,,paid,file_only,not_verified,available,cfca5bbc-d0f1-4f5a-b8cc-7442511c8684,2026-08-06 11:17:17
90ef3b21-e2b2-4885-a63c-e5f433421f51,residential_plot,sale,Kanal,4,Lahore,Askari 10,Askari 10,Phase 5,E,27,,,,,9050000,,4540000,9700000,paid,constructed,not_verified,available,,2026-07-02 19:52:41
8d4db098-ad90-4b40-82d1-5ff96719f980,residential_plot,sale,Kanal,2,Rawalpindi,Askari 14,Askari 14,Phase 8,,816,,,,,47950000,,24370000,51340000,pending,constructed,noc_verified,available,,2025-07-25 17:01:05
cc877f17-cdf2-4dd3-96b7-1a4280ef82a9,house,sale,Sq Ft,2727,Lahore,DHA Lahore,DHA Lahore,Phase 2,H,,,,,,9300000,,5580000,10450000,paid,possession_ready,fard_checked,available,4386bdb4-8872-434b-b2df-36b8a44b15d5,2026-06-16 19:11:54
9b566557-564c-4ea8-8e2a-77ebb940c49d,house,sale,Sq Yd,1244,Islamabad,Bahria Town Islamabad,Bahria Town Islamabad,Phase 1,,,,,,pending,5350000,,3560000,5180000,paid,file_only,not_verified,available,,2026-07-04 14:50:44
ab445440-12d8-48c8-92e1-c4b50a258c19,apartment,sale,Marla,11,Karachi,Askari 5,Askari 5,Phase 5,G,,,,,,5250000,,2980000,6020000,paid,possession_ready,registry_pending,available,,2025-11-14 11:26:49
c6f2cc80-bf25-4ec9-a3d7-e0b7928430fd,apartment,sale,Sq Ft,2193,Karachi,North Nazimabad,North Nazimabad,,,,,,,pending,6600000,,5180000,6280000,pending,constructed,not_verified,available,20e32cdf-66ae-4a77-96f9-31c2c6769fdf,2026-05-22 14:28:28
69a4e722-49b6-437d-8af9-d169ec9a4f6e,residential_plot,sale,Kanal,4,Rawalpindi,Askari 14,Askari 14,Phase 8,F,659,,,,pending,21450000,,16180000,24260000,,file_only,registry_pending,available,116cef39-a0f7-40b0-a225-35f89bc2527d,2026-03-14 20:03:35
bac630be-3d85-4bef-a3cb-17b9b167fe14,residential_plot,sale,Sq Ft,1224,Lahore,Gulberg,Gulberg,Phase 2,,377,,,,,3150000,,1780000,3130000,pending,file_only,noc_verified,token_taken,3c9d5782-9714-4d1d-91a0-4114fddad799,2026-03-30 18:31:15
1a552617-4d25-4c46-8cee-eb3942b60e9f,apartment,sale,Kanal,2,Bahawalpur,Shadra Town,Shadra Town,Phase 1,H,,,,,,3750000,,1960000,4170000,pending,under_development,not_verified,available,1da7cb8b-8d6c-45aa-9de1-ed97c460fd4e,2026-06-04 19:18:27
7683aeed-b572-49e5-83cd-28055d9b5169,residential_plot,sale,Sq Ft,1424,Karachi,DHA Karachi,DHA Karachi,Phase 6,,255,,,,,4150000,,2090000,4650000,,possession_ready,fard_checked,rented,05f05440-79a2-4d88-bc14-0af3f8f74ff9,2026-08-20 18:35:13
75064130-0100-4064-9286-fbf5b4bb714e,house,sale,Marla,10,Lahore,Valencia Town,Valencia Town,,H,,,,,,18550000,,9310000,20310000,pending,constructed,registry_pending,sold,,2026-02-18 16:21:47
7326831d-73b9-4506-a1d7-ed8cc17f8cce,residential_plot,sale,Kanal,4,Karachi,North Nazimabad,North Nazimabad,,B,159,,,,,16450000,,8720000,15630000,,file_only,not_verified,sold,b92ccd9a-327a-48ed-9181-6e3e87feb56b,2025-08-12 08:29:50
619f1709-124e-4b12-bda7-c66c1a3828eb,file,sale,Sq Ft,1359,Rawalpindi,Askari 14,Askari 14,Phase 7,C,949,F-65219,ballot,delayed,,47050000,,28480000,46800000,,possession_ready,transfer_complete,available,d2977fc2-7a79-4b0d-a5de-287abc554ab6,2026-03-01 12:50:58
3d52f3d3-cd69-4998-b28f-241ec9273693,house,rent,Sq Ft,1184,Rawalpindi,Askari 14,Askari 14,Phase 3,G,,,,,paid,,65000,,,pending,constructed,not_verified,rented,7ec06ff8-d2e2-4c4e-9286-7d210ec57d09,2025-12-15 16:09:08
2d448289-28d7-400b-a63a-d5e714c54e43,house,sale,Sq Ft,2396,Lahore,DHA Lahore,DHA Lahore,,F,,,,,,18800000,,13080000,18310000,,under_development,not_verified,token_taken,461cdee4-1217-4aba-b20b-14cdd34cdd36,2026-08-12 21:24:42
9db1128f-d592-4791-bd3c-e96e92196c16,residential_plot,rent,Sq Ft,3337,Karachi,Askari 5,Askari 5,Phase 1,C,478,,,,paid,,175000,,,,possession_ready,not_verified,available,5d3cbf0e-d026-4797-b868-b36fabb05c13,2026-07-26 16:07:46
b965126c-6ee1-4abd-b558-90cd3e85efbf,file,sale,Marla,5,Faisalabad,Jinnah Colony,Jinnah Colony,Phase 6,,44,F-60292,open,delayed,,53500000,,28590000,56160000,,file_only,registry_pending,available,215962e3-e3cd-4456-9359-1e2dcb3968c4,2026-03-14 13:39:03
27af8d10-98d0-4ed6-8936-3c5cf6ac9e35,residential_plot,sale,Sq Ft,1795,Lahore,Gulberg,Gulberg,,C,404,,,,paid,56500000,,44210000,57930000,,possession_ready,registry_pending,available,35406c5d-3be7-4be9-bfb6-b9667ddaa9b6,2026-04-06 14:48:11
b947159c-7313-4bd9-a03f-abc98d5846e0,residential_plot,sale,Kanal,2,Lahore,Askari 10,Askari 10,Phase 3,G,311,,,,,3200000,,2130000,3140000,paid,under_development,fard_checked,available,4ad07dbc-20e4-47bb-8a46-d8c78698f251,2026-05-03 17:07:45
6c2acabc-44b0-44a8-a455-3482d6fddaeb,residential_plot,sale,Marla,7,Lahore,Valencia Town,Valencia Town,Phase 1,B,942,,,,,56500000,,31820000,64050000,,possession_ready,fard_checked,available,b4a43638-8ce6-41b9-9f01-0b78d49c0a46,2026-01-05 17:18:49
0c042d1c-190c-4e64-9730-e47c13ccce61,house,sale,Sq Yd,903,Faisalabad,Madina Town,Madina Town,Phase 2,,,,,,pending,4500000,,2610000,5140000,pending,possession_ready,noc_verified,available,,2025-12-27 15:14:12
f905f397-b7c5-4d93-acea-5a486b2eb7ac,apartment,sale,Sq Yd,1477,Lahore,Wapda Town,Wapda Town,Phase 5,A,,,,,,8200000,,4930000,8060000,pending,file_only,transfer_complete,available,,2026-06-04 19:42:37
4c4cf6c9-4d39-4706-ba08-17333f42b96e,apartment,sale,Sq Ft,3683,Multan,Bosan Road,Bosan Road,Phase 6,,,,,,paid,29550000,,21470000,28590000,,under_development,fard_checked,available,,2026-02-03 17:40:53
c5bc5a32-4839-43c6-ab29-08b34b3ebc27,apartment,sale,Kanal,4,Islamabad,DHA Islamabad,DHA Islamabad,,,,,,,,32400000,,25860000,34540000,,file_only,fard_checked,sold,4dc68b90-abfb-4e3e-a343-19a4e020b95d,2026-05-26 14:50:59
a0e5df2f-5b47-4c9c-89ed-4c4379f70ecb,apartment,sale,Marla,12,Lahore,Bahria Town Lahore,Bahria Town Lahore,Phase 6,,,,,,,7750000,,5490000,7880000,,file_only,fard_checked,available,,2025-12-03 21:13:18
545ee409-b150-4927-9856-ac69c9612ad9,house,rent,Sq Yd,3082,Multan,Model Town Multan,Model Town Multan,Phase 8,B,,,,,,,35000,,,pending,constructed,not_verified,sold,272090d8-a408-40f1-a9eb-aa2df0b38b7e,2025-11-17 09:24:44
9b8ec071-52a0-41f3-b659-d127543fc17d,residential_plot,sale,Sq Ft,1322,Peshawar,University Town,University Town,Phase 9,H,545,,,,,22150000,,16460000,24460000,,possession_ready,noc_verified,available,809710a0-e147-45d4-9251-429113004867,2026-05-03 10:37:52
00613460-b2c2-45ca-b08f-40ea46c110ef,file,sale,Sq Ft,3785,Lahore,Askari 10,Askari 10,Phase 1,,386,F-12150,ballot,completed,,3250000,,2160000,3270000,,under_development,not_verified,rented,294659e9-bcce-475b-b411-4fb3a490594e,2026-04-05 09:21:02
d395c7a0-024c-4ad3-b1f4-b1d7ea4bf773,residential_plot,sale,Sq Yd,2701,Gujranwala,Satellite Town,Satellite Town,,,409,,,,pending,4500000,,2550000,5060000,paid,under_development,fard_checked,available,9a633409-1bde-4e1d-913d-345fb7fe36a2,2026-04-12 21:58:36
6c52b4d5-ef2f-4d39-95bc-5e5b14700e92,residential_plot,sale,Sq Yd,3389,Lahore,Gulberg,Gulberg,Phase 5,H,552,,,,,41950000,,24000000,42280000,,under_development,fard_checked,available,,2026-04-24 18:27:20
b9f99372-8975-43e8-b026-ebbd8ce82cf3,file,sale,Kanal,3,Lahore,Model Town,Model Town,Phase 3,B,942,F-95634,open,completed,pending,49750000,,27650000,50700000,,constructed,fard_checked,suspended,6fdb47ce-96db-4aa6-b385-e3013d7323e3,2026-08-20 16:18:42
9c3f5169-bdda-4026-a9f1-7b626debb6b8,house,sale,Sq Yd,3155,Karachi,Clifton,Clifton,Phase 1,E,,,,,,51200000,,39610000,55250000,pending,file_only,fard_checked,available,470e4ca8-02fb-4192-b12b-098fda8b652d,2026-04-12 16:57:23
6f4eaa9d-bae1-47cd-b822-2cac08bb6d96,apartment,sale,Sq Ft,1252,Lahore,Gulberg,Gulberg,Phase 3,G,,,,,,16650000,,8340000,18930000,pending,constructed,noc_verified,available,5f524cbd-d0b8-4708-822c-197b542f65e2,2026-04-29 08:34:52
235bec7f-2a01-4578-914c-cd4e8db21f7f,house,sale,Sq Ft,518,Islamabad,G-10,G-10,Phase 6,C,,,,,,48050000,,33140000,55020000,pending,file_only,noc_verified,available,470e4ca8-02fb-4192-b12b-098fda8b652d,2025-12-13 17:52:21
77856ab2-b0d9-4460-9a5a-9771a909e976,commercial,sale,Sq Ft,3410,Multan,Bosan Road,Bosan Road,Phase 2,,671,,,,,48200000,,27950000,49860000,paid,possession_ready,fard_checked,token_taken,75ab8466-52cc-4cc8-8a11-01c182f49c40,2026-05-21 21:04:09
b393b6a9-80b3-42c9-ad7c-32854739fdd4,residential_plot,sale,Kanal,4,Lahore,Gulberg,Gulberg,Phase 5,E,709,,,,,31600000,,22080000,35050000,,possession_ready,fard_checked,available,8beb2273-ff56-48f5-a576-77e47845ce81,2025-10-24 10:23:33
1286e053-84c6-43a4-ab0c-622e24e3610a,commercial,rent,Sq Ft,1298,Faisalabad,Wapda City,Wapda City,Phase 9,H,437,,,,pending,,180000,,,paid,file_only,transfer_complete,available,,2026-05-28 18:08:21
8b73e93d-154c-4677-b518-a5b8d33c6b7b,file,sale,Sq Yd,1551,Lahore,Askari 10,Askari 10,Phase 5,A,633,F-80808,closed,delayed,,7800000,,5210000,8260000,,possession_ready,registry_pending,token_taken,,2026-07-21 12:20:20
5a7a568f-e8e5-4a55-a4c9-9a7857b1eda6,house,sale,Sq Ft,2886,Islamabad,G-11,G-11,,,,,,,paid,51150000,,39220000,54250000,pending,possession_ready,noc_verified,available,a0354790-95c0-46d5-bb5e-3098fed43942,2026-05-09 09:21:11
dacc6013-ac51-48e9-b083-fcad13577546,apartment,rent,Marla,11,Lahore,Askari 10,Askari 10,,,,,,,paid,,205000,,,,under_development,not_verified,available,,2026-02-06 19:03:44
9af3e54a-5066-420e-9fb2-b3756b6ac91b,residential_plot,rent,Kanal,1,Rawalpindi,Chaklala Scheme 3,Chaklala Scheme 3,,,500,,,,paid,,95000,,,,possession_ready,not_verified,sold,,2026-02-07 16:34:15
e60b8566-c41d-4b80-b6ce-fabe67b7eb70,residential_plot,rent,Sq Ft,3338,Islamabad,Bahria Town Islamabad,Bahria Town Islamabad,Phase 5,E,106,,,,paid,,45000,,,paid,constructed,fard_checked,available,279ba864-a58b-4617-b9d9-a060c512d7c2,2025-10-14 19:21:33
b60b1d23-1ac8-4c1d-bf2b-8c872273f1f0,apartment,rent,Sq Yd,511,Karachi,Askari 5,Askari 5,,,,,,,,,75000,,,,file_only,not_verified,rented,40f5b043-fb3b-4086-b1ba-77df962fa5a9,2026-04-28 21:15:06
480d7dcb-7799-48c0-8cbd-2d6c80ccd2b5,residential_plot,sale,Kanal,1,Lahore,Johar Town,Johar Town,Phase 9,,59,,,,pending,47100000,,26070000,47950000,,file_only,not_verified,available,e2c83957-0125-4cb9-8d13-e6c489b480ea,2025-11-23 10:17:52
42fc3225-6c25-4083-900c-530551dbaa18,apartment,sale,Kanal,2,Rawalpindi,Chaklala Scheme 3,Chaklala Scheme 3,Phase 4,C,,,,,,6400000,,3980000,6400000,,possession_ready,noc_verified,rented,,2026-02-24 09:11:05
95cf2862-725b-49e8-8a16-7e75e0cee772,apartment,sale,Kanal,1,Lahore,Wapda Town,Wapda Town,Phase 4,C,,,,,,53950000,,30830000,61050000,,constructed,noc_verified,available,32d3d392-7156-43fc-90ba-ca15bd46e9eb,2026-03-23 09:17:28
cfcf5e79-545b-44a2-b27a-539c8f1c8d7b,agricultural,sale,Sq Yd,1032,Rawalpindi,Chaklala Scheme 3,Chaklala Scheme 3,Phase 9,C,222,,,,,3150000,,2490000,3100000,paid,under_development,not_verified,available,8b3fddac-e1d8-46d0-b427-e626b71d8547,2026-06-09 08:36:38
7af443e2-8b0c-4a5e-a45c-57336d2d5a8c,residential_plot,sale,Kanal,1,Lahore,Wapda Town,Wapda Town,Phase 8,H,543,,,,pending,32350000,,17530000,36670000,paid,under_development,transfer_complete,available,1c3a4419-1385-45f1-bf18-fb04a27ade78,2026-08-19 16:56:38
515078a3-e649-47e2-a32e-5e87425d6442,residential_plot,rent,Sq Ft,3811,Karachi,North Nazimabad,North Nazimabad,,,836,,,,,,60000,,,pending,file_only,fard_checked,sold,b80669e2-471b-41fe-8ffa-1f91f746ed2b,2025-08-25 18:30:29
6457c441-4bae-49f8-b94a-1c81b221224e,residential_plot,sale,Marla,13,Islamabad,Bani Gala,Bani Gala,Phase 7,G,356,,,,,7050000,,5480000,7450000,paid,file_only,fard_checked,token_taken,,2026-07-04 16:33:44
306044b1-2dd6-43ea-9f41-a3c6ad323c77,apartment,rent,Kanal,4,Lahore,Askari 10,Askari 10,Phase 4,G,,,,,,,150000,,,,file_only,transfer_complete,sold,1a46793b-0eb8-4f3e-8788-912c944c85c3,2025-07-26 20:08:22
2e075505-e76d-4a5a-adca-edb8d05e4ef5,residential_plot,sale,Sq Ft,2590,Karachi,Clifton,Clifton,Phase 6,,414,,,,,31550000,,22450000,35040000,paid,possession_ready,transfer_complete,sold,f19e02f1-30ae-4fc6-a5b9-3642ee8ca3ea,2026-04-20 17:34:33
9e251516-cae9-4ac9-9dbd-a2d2bc56e2e6,commercial,sale,Sq Ft,1890,Rawalpindi,Askari 14,Askari 14,Phase 5,F,334,,,,pending,12450000,,8810000,13110000,,possession_ready,transfer_complete,suspended,,2026-08-04 08:46:11
daf5b7a7-2869-4695-a714-9ee7dade10ca,commercial,sale,Sq Ft,1746,Lahore,Askari 10,Askari 10,,,764,,,,pending,9950000,,6620000,9550000,pending,possession_ready,not_verified,token_taken,,2026-06-06 13:59:51
b96a0323-1f98-413f-8d48-a269ad4668d6,commercial,sale,Sq Ft,962,Islamabad,DHA Islamabad,DHA Islamabad,Phase 9,,280,,,,,32050000,,17010000,34090000,paid,file_only,fard_checked,available,b340ea37-a3de-4c22-abea-4171995e6348,2026-03-17 09:30:17
8b9dbc0f-98e9-491f-8c3a-ecb8082f7116,agricultural,sale,Marla,9,Lahore,Johar Town,Johar Town,,D,509,,,,,13700000,,7090000,13670000,,constructed,transfer_complete,sold,e482b09e-9557-4bf7-acfc-2c661e9c9130,2025-09-18 15:28:40
a7e63403-edb6-43a9-ab12-017e2fe16d37,house,sale,Sq Yd,3203,Karachi,Gulshan-e-Iqbal,Gulshan-e-Iqbal,Phase 1,C,,,,,pending,46150000,,29860000,48200000,pending,constructed,noc_verified,sold,d0c5f0a3-b07f-4739-aad8-8f0c197066e0,2026-02-22 16:08:44
78b6e69f-9610-4abf-89ab-c645baef123e,apartment,sale,Marla,4,Gujranwala,Model Town Gujranwala,Model Town Gujranwala,Phase 1,D,,,,,,22350000,,17710000,25160000,,under_development,fard_checked,available,89edec42-3d15-4620-bee9-3bec3e2679a2,2025-11-04 12:46:34
1d12e39e-060e-40ca-9e0f-6a1818268f9e,apartment,sale,Sq Yd,3756,Karachi,PECHS,PECHS,Phase 9,B,,,,,,8800000,,6380000,9510000,,file_only,not_verified,available,,2025-07-18 10:11:05
